Multiple size <= 100
OK
Multiple size <= 500
TEST 1 ARG:15 44 79 -60 -155 4 6 66 -250 -195 146 215 64 -5 -224 -227 8 -35 151 232 -222 -221 -70 50 -178 -11 46 -143 -187 127 109 98 241 -76 -139 -7 -69 -54 -182 -225 -171 -95 154 199 -173 108 219 202 57 -247 -10 -100 -210 156 -67 -43 101 -3 193 -86 1 -148 249 -123 208 78 -188 -83 104 -16 54 126 -211 85 93 -214 -206 -65 33 149 185 -98 169 115 226 -15 248 -80 116 130 -51 -37 -17 237 -180 224 -172 -57 -26 47 244 -134 -233 -56 14 145 -53 -209 -44 43 -159 -84 192 -174 143 -153 225 189 -115 -183 91 168 -109 -101 -164 29 134 -58 123 203 -204 -193 -103 -14 -27 3 157 186 56 -175 172 67 135 -154 51 -85 198 80 -8 -169 238 -176 21 -146 -78 -73 16 39 -71 -185 73 -18 -25 -40 181 128 41 -142 195 -242 -189 -207 71 196 218 -151 -42 26 -34 75 17 -32 -61 30 200 153 -108 -249 19 236 -90 120 82 -28 129 -135 -150 -201 -235 163 -213 -113 11 -229 133 105 229 -158 37 -137 -219 -39 -191 -64 -226 -6 221 35 18 -46 -130 -24 -33 -136 -129 147 61 -131 -140 119 205 -215 -138 -199 -239 -196 228 -105 76 -111 141 -66 -243 97 -38 5 -48 110 84 -246 217 -31 -167 -232 102 170 -205 -220 -200 171 -236 159 -112 -177 214 -4 -127 -217 243 158 -99 -97 -156 7 206 53 -132 207 113 191 -145 -126 148 183 45 144 -166 55 -79 12 220 -41 201 -119 -104 72 -116 118 -149 -96 136 52 242 188 -162 48 223 -124 -9 -74 68 -157 32 233 178 -68 -133 139 63 209 -50 227 27 87 74 -93 -197 235 -107 -72 160 211 -244 -190 180 117 216 131 -238 -52 142 230 210 90 175 -122 31 65 -89 10 -216 -1 212 190 83 49 81 234 107 132 -55 187 -22 174 -106 -110 150 -77 -179 69 42 62 106 -12 36 240 246 -29 -165 162 -13 -21 231 -161 152 -87 -152 -186 -125 -81 -248 95 86 -121 125 247 -114 96 -30 -102 -2 184 -75 138 137 245 -92 -20 114 77 -230 213 -45 -94 -49 70 23 197 182 -88 -194 -144 24 -218 34 -240 2 40 112 28 92 111 -241 -117 124 222 -36 9 121 122 -163 155 88 22 239 -62 -118 173 166 204 -160 -128 -59 38 -47 58 -170 165 -147 -184 -141 -120 177 100 20 89 25 -91 99 -63 161 60 94 0 -23 -168 -223 -203 59 194 164 -234 -231 167 -82 -208 -198 -202 176 -19 -228 -192 -245 13 140 -181 -212 179 -237 103 
TEST 2 ARG:77 -125 24 -40 -235 209 86 -147 62 143 -60 -145 134 -250 -47 -110 -172 -159 72 -92 101 119 -96 230 -138 -79 110 -18 -245 -57 244 -190 26 -17 22 69 175 63 91 140 -224 -154 -196 168 226 124 -9 225 -166 -19 129 88 33 217 128 156 -124 -80 113 -149 79 59 197 -78 -209 135 247 -59 -98 -11 -169 -22 1 -44 -88 145 196 52 -3 -157 -113 -192 174 64 104 -144 -146 5 106 206 -193 147 -174 182 48 144 95 2 -6 -129 -15 161 -201 -163 130 -32 229 35 -103 13 19 245 -43 -176 111 167 -25 151 109 -202 6 -183 160 -72 -53 -171 -188 75 -82 -152 -20 -14 -87 146 -128 236 29 -227 -184 -161 100 89 127 65 224 83 99 54 -28 -244 246 -23 70 208 -160 46 178 -50 207 -106 -10 187 149 84 8 115 -85 218 -68 -217 -46 -215 -133 216 85 -34 -94 243 87 158 7 -194 14 -187 118 -140 44 -212 -48 96 238 150 148 -24 102 200 -189 40 -241 213 17 165 43 37 164 -37 -89 82 -148 179 -70 -130 126 116 186 233 -238 -58 154 -69 -216 -81 210 92 -158 -175 57 67 80 28 136 -102 -118 74 -54 -229 -99 -101 -179 55 172 -132 -206 121 -100 -56 248 -218 137 -186 -234 -97 -115 -73 -205 -231 -62 -45 195 18 -84 170 41 61 -35 131 -208 249 237 27 -173 132 -232 222 -135 192 -63 -153 125 191 231 16 38 173 141 32 240 76 -162 -198 -150 49 212 -203 139 163 -49 234 193 -4 -67 11 -66 -168 -211 142 12 -248 47 -228 -90 -61 -93 53 235 108 122 -182 56 -1 -207 177 -114 -155 -247 -230 -27 -83 183 71 -239 50 211 -126 -86 9 228 -214 -181 -36 189 180 60 117 -136 -55 -51 201 -119 -236 51 -120 -38 68 227 31 -16 223 -178 114 -7 -116 45 30 120 199 3 -164 -13 15 169 -143 -151 58 25 -76 123 152 232 176 -240 -170 -75 4 -210 -65 202 -225 215 219 -165 -95 -223 -122 242 162 181 -219 94 107 -105 39 138 -220 133 203 -71 -12 -237 -127 -197 190 194 -180 -77 153 -111 157 -121 -39 -167 -74 -21 -213 -246 159 42 -185 -139 10 -117 73 -141 81 -31 -177 214 -200 184 93 21 -221 20 -107 23 -131 0 241 198 -199 -41 -137 188 66 -26 220 -191 -33 171 -112 -195 -142 155 -8 -226 -91 -222 221 -134 -2 -204 36 -242 97 -52 -233 -243 -108 103 90 -123 239 205 -42 204 185 -5 -104 -29 98 -64 105 78 -156 34 112 -249 166 -30 -109 
TEST 3 ARG:-16 -188 219 -121 179 -49 30 73 -147 -17 101 -176 130 216 98 -4 -165 -21 47 193 81 -68 24 182 65 -66 45 -81 -156 172 223 -23 69 -101 89 194 165 -235 -200 -148 173 58 54 -69 36 -99 -193 124 185 127 -210 2 189 242 -154 75 -151 -63 -26 -232 61 197 -50 44 -31 13 -43 -214 151 121 234 -13 -58 148 4 15 -124 -80 147 62 -183 -38 201 236 125 53 -150 241 -65 -205 31 21 86 -153 -126 205 -142 119 -178 -96 -106 -211 -246 -172 -51 -73 -222 -171 -169 -161 -130 -113 0 225 118 -47 244 210 -129 -198 -141 158 -139 66 -64 145 208 195 -36 -220 -88 -100 -223 146 25 88 171 187 141 -203 142 143 135 40 167 226 -185 87 169 -122 -59 -136 -227 -225 -117 100 -76 243 128 -167 42 -32 82 -25 41 78 -216 77 -48 -57 -8 152 -237 11 -29 60 26 -179 95 -79 184 32 -39 -107 -75 175 159 140 -9 137 -132 155 -77 160 12 -27 174 237 -95 23 3 48 20 191 67 103 -86 -28 -204 196 59 -114 -40 227 -85 -247 -83 231 207 16 -244 211 221 190 85 -109 -97 217 -120 -22 183 -104 -173 -90 129 8 106 112 -236 -158 122 80 -92 109 -37 96 209 -82 -33 222 57 -19 -98 55 180 -196 9 -160 -127 -233 199 105 104 -18 -145 39 -1 -166 19 200 181 131 99 198 -137 -181 114 -186 228 -238 -218 -6 163 -195 -239 133 -15 -175 -131 35 -84 83 97 -208 52 149 -234 -219 -123 -149 -143 162 -10 79 -103 138 232 68 -119 -199 230 -53 -102 249 -212 18 102 -187 -54 -35 117 43 166 107 -157 -125 17 -62 247 38 -91 93 -231 -70 115 178 110 186 126 -67 6 240 176 -194 -3 -115 192 224 -177 90 70 71 154 -93 -61 -168 29 33 7 -87 -217 -5 -192 -146 -228 -170 -249 -110 -2 235 -164 51 164 91 -182 -248 120 206 -240 248 -209 -163 27 34 72 -140 -46 -14 -184 -34 -138 233 245 136 -224 56 -45 139 -202 144 215 -112 94 202 -128 -94 -116 -111 246 50 113 -7 -105 132 203 220 -174 -44 63 -230 -71 28 -207 -20 168 -226 -213 -215 -55 116 -242 204 -152 -243 229 111 -155 -56 212 -12 -30 -52 153 74 134 -72 218 -229 5 -180 49 188 -42 -24 161 156 -189 46 37 14 170 123 -221 -206 -191 157 -241 -250 -201 -159 92 -134 -41 -144 108 213 10 1 22 -60 64 -78 -11 150 177 -133 -135 76 -89 214 239 -74 -190 -118 84 -245 -197 238 -162 -108 
TEST 4 ARG:-179 97 -4 186 -56 -90 22 7 -221 -161 -79 231 10 70 -227 -147 -77 -26 161 -17 -144 83 105 -16 -97 -210 -203 -1 -49 38 -111 23 -135 42 51 -108 -165 -141 155 -222 13 81 9 -51 125 -205 -38 49 233 -73 -102 -137 127 15 -36 -107 -248 -75 143 194 243 91 -229 234 138 -158 45 -65 -14 212 241 199 37 -196 18 248 -233 -61 -178 17 162 222 -60 35 -125 56 84 191 -228 -84 -239 -52 245 40 -237 165 -153 -216 -187 -20 -156 -244 -31 66 -160 153 -124 157 -223 1 -12 -130 -155 -41 -119 202 88 55 227 57 244 -225 -143 59 182 220 -115 124 176 -174 -21 207 -217 -10 -146 -113 -213 68 219 131 225 185 -27 110 197 -218 -83 95 115 -95 -209 80 169 -109 -134 5 63 -3 -67 -199 -172 4 -120 -204 86 -164 151 113 121 43 230 120 122 20 221 -127 -8 -98 134 -74 247 -92 -133 193 -28 -245 -116 203 149 90 -247 119 -91 -241 -163 -66 -240 -220 -35 218 -63 -176 25 133 -122 198 -235 -53 -103 180 208 -19 -151 79 -40 -85 -202 -70 109 78 211 -104 192 224 -215 118 67 61 -139 44 213 -105 -185 -148 -136 101 216 -140 214 201 36 -224 -18 -142 137 -86 6 188 -55 217 48 -117 -72 -43 -39 190 -118 2 21 238 -57 -198 75 69 126 -50 -129 -42 32 -230 -212 237 154 -188 128 -25 206 -154 -181 -94 98 -201 152 -131 -243 -48 -171 54 140 141 -180 52 -231 -194 19 147 223 -193 -29 -93 -81 -173 -186 -68 -238 163 148 64 0 -167 94 145 171 -82 215 77 159 164 204 92 -34 142 -37 96 -182 53 -23 209 -170 27 26 -177 236 181 150 235 93 232 30 129 102 -114 -54 58 135 82 184 -5 242 -89 172 -6 -106 -45 14 112 -149 -138 -22 100 -71 -121 -195 -7 106 200 -64 108 24 85 99 -242 -234 170 114 146 226 11 -183 173 -192 111 196 -190 -69 -32 160 28 -112 116 -168 74 41 89 8 -166 130 -145 -184 -47 -152 72 -100 239 -150 -13 168 -80 229 -30 167 -101 -236 -46 -87 156 177 132 -126 -157 107 -78 174 205 -123 50 240 158 -76 -110 -200 183 -11 246 -99 -9 -250 -214 -162 187 249 -44 103 -24 -249 65 -128 228 71 16 -206 -88 -33 29 179 -59 87 -2 60 166 -159 -62 189 104 47 -208 175 123 -96 -207 76 -169 -246 33 -226 -15 -219 73 12 210 -175 144 34 -232 31 -211 -197 136 46 3 178 39 117 -132 195 -58 62 139 -191 -189 
TEST 5 ARG:-87 45 152 131 9 -32 91 -80 -64 -165 238 190 -12 16 169 192 39 -195 145 -159 -167 53 -75 20 -189 -27 -42 -81 95 -123 37 116 -150 243 15 -200 -238 -125 1 -181 115 -65 -35 148 -192 80 168 -2 223 -124 70 104 72 2 8 -13 246 141 215 114 103 40 182 218 160 -237 -239 -121 -30 46 171 224 14 132 144 -244 -131 99 -76 -188 146 166 -177 -211 147 -48 -169 140 -72 -128 -100 -28 123 158 -67 -86 -141 244 24 54 -106 170 -15 235 59 12 197 65 -91 -73 -107 159 -170 119 -101 -95 -241 143 13 -149 44 130 -99 151 48 33 184 61 -54 -4 78 112 -47 -154 189 -136 247 -224 -57 -138 234 121 -248 -6 -214 142 -197 94 -225 -55 107 -119 -45 60 -23 -223 204 164 -18 -152 7 109 191 -145 73 176 -37 128 36 -151 -249 -201 -59 198 -233 -161 196 93 51 134 -222 -88 231 30 217 -163 207 -186 56 179 57 -51 -69 -246 -226 79 -1 -108 -234 -117 -78 -229 -96 127 178 -190 174 -97 208 228 -44 205 -56 213 126 -208 -38 -180 -43 76 -148 -231 -227 199 -71 -207 138 -3 -198 34 -70 -14 71 84 188 62 157 175 -61 -217 214 177 -16 -102 -92 -242 -46 35 -66 -21 240 3 201 -157 -182 -220 -31 81 86 153 222 49 -153 -206 180 -22 -146 248 237 -232 -199 19 122 -216 239 212 -137 206 -245 -109 -68 101 154 27 -9 220 -204 32 226 -79 -26 -134 88 6 110 47 5 -194 137 133 -62 219 17 129 -187 63 -17 165 -209 98 -25 -212 202 -19 96 -11 -219 124 155 29 85 105 -53 -129 -24 -166 185 -155 -184 77 -83 181 -85 89 -243 -175 -41 -135 -172 149 -34 242 31 173 -103 102 66 -215 118 -162 42 117 163 28 135 -156 -174 -218 -133 -29 -118 230 186 -63 -94 50 -127 58 43 172 211 -49 -213 -58 221 -120 -116 -8 74 -93 194 -143 -33 183 -5 203 -105 167 4 18 106 -210 -77 -113 -112 -114 -20 156 -202 -228 108 82 11 -158 -168 227 187 210 -183 -235 -36 83 -110 -179 69 -144 -160 87 22 209 193 -203 -196 -176 233 -82 -147 -60 -122 236 113 -140 97 -185 161 -230 -111 -130 0 -40 200 23 136 -221 -132 64 -193 139 -171 -178 100 -250 216 10 67 -7 75 -52 90 -115 -236 -164 -173 -240 -39 150 38 25 -98 245 232 26 162 -126 111 225 41 125 -84 68 -191 55 -50 -90 120 -139 -142 -247 229 -205 -74 52 249 241 92 -10 -89 195 -104 21 
TEST 6 ARG:-86 -195 84 -121 148 -101 16 177 182 61 -180 -214 131 237 -17 -57 94 -170 232 -75 -13 -68 -128 -105 85 -69 -73 -239 247 32 45 123 -156 34 130 149 -235 -74 -203 18 -175 -182 -48 208 137 -89 -59 -65 -116 227 55 -238 -250 -9 165 155 168 210 -20 -144 -155 -225 186 -72 213 128 14 -66 216 173 -109 -212 27 22 -219 -107 26 6 -171 201 244 156 238 241 38 -164 -158 -34 183 1 -241 -162 28 -118 104 189 47 224 174 98 -232 -204 204 70 -187 221 -52 -222 -63 125 144 -115 93 199 -99 -136 90 -25 -192 153 81 152 86 151 140 -42 -190 122 12 178 -193 92 31 51 -129 228 2 87 -236 -184 164 -93 -8 240 -152 176 42 -229 -146 68 218 -43 -122 48 110 171 136 180 97 53 -181 44 138 -220 239 -11 7 -55 225 245 33 -37 -32 -188 -201 -97 179 -234 -50 82 -149 -14 -177 -1 107 101 -213 15 -130 246 -120 113 -186 -33 -49 20 -16 -208 103 71 196 -80 19 158 195 -19 -126 95 192 108 -113 141 -247 -30 -31 -54 -189 203 76 167 -7 -131 -127 -88 220 116 69 -102 142 -104 -18 -71 -169 -205 187 129 191 -218 79 -98 -242 63 198 -67 -217 166 -82 29 73 17 -125 190 -172 230 52 -209 233 -81 89 229 58 159 -92 -44 78 46 106 -137 -117 23 -151 -142 188 -5 -87 -24 119 134 54 193 67 184 -240 -47 25 41 -196 194 -210 4 139 -39 -194 236 -53 163 135 -94 -215 43 88 143 120 30 -45 40 -200 66 -62 -249 162 172 -46 157 -79 147 -166 -64 185 -103 -174 -226 -183 -40 -29 96 -76 -244 -135 35 64 132 11 -85 -110 -60 -153 -123 37 -246 -168 74 -124 -221 -243 -133 205 242 -191 -58 0 211 62 72 -2 -108 -4 235 202 112 -199 -51 9 -163 -224 -202 -228 -167 80 -197 36 -165 111 248 -161 197 -237 -230 118 -173 127 -95 3 -22 -231 -143 -227 -132 39 -179 -150 -23 -114 -90 -84 -91 -36 146 214 -28 50 -15 206 212 222 -83 -111 145 5 49 -216 -21 -233 100 114 223 109 -6 133 24 219 65 -206 59 175 217 60 91 249 -119 -248 -26 -70 -38 102 -35 -106 -10 -160 169 -157 -41 226 -176 -112 -96 121 -178 -148 21 -147 -134 -207 -140 -3 -27 57 -78 -211 -223 99 -185 -61 -154 10 160 161 170 75 -12 243 126 115 77 -56 150 -139 8 13 -141 -245 209 56 83 -198 215 181 -77 154 117 234 105 -138 207 231 -100 200 -145 -159 124 
TEST 7 ARG:232 191 -148 -155 -36 46 -189 169 125 172 -102 -72 121 -167 33 194 -75 101 82 -71 -31 77 130 -9 170 105 197 -231 188 -33 25 -3 -116 -50 -229 -138 -82 -79 -128 -67 122 -94 134 -184 223 -210 1 32 -44 58 -105 79 -73 -7 158 48 -56 143 212 -90 230 -26 195 23 2 68 -226 192 109 145 88 51 57 -99 -34 11 216 17 -129 6 43 146 49 39 186 -162 126 22 -157 204 178 -66 226 222 104 -144 -230 62 -15 190 -165 -112 -164 -168 -221 246 113 218 243 -169 153 -153 34 -106 94 28 -151 -193 -89 86 -171 -124 -249 -60 -214 154 -10 -180 56 -98 -103 128 67 -208 207 239 -211 157 40 -27 -39 155 -139 161 180 -65 -200 -175 75 228 50 -149 193 -188 -176 97 -239 3 -136 -156 -63 -119 85 -205 -218 -238 -2 224 189 -235 175 102 -202 52 99 133 61 -161 -133 -195 -14 249 -42 -30 -24 -45 -1 166 -242 -96 76 4 60 -68 92 96 164 -46 -207 73 -85 203 -158 159 15 -137 -122 -216 -182 -22 -62 -145 -114 -101 81 -177 171 237 -17 165 242 244 179 174 -20 240 -115 -52 168 -142 -152 202 -54 -80 221 163 8 177 -32 167 -173 -232 -246 -6 -141 -203 12 -220 -234 -87 -4 -69 89 147 71 176 210 135 36 72 -240 236 -40 241 -181 -146 -172 124 120 -104 181 -196 14 248 -59 30 -170 83 149 -192 148 182 108 -183 -8 129 24 -243 38 54 137 115 140 -57 118 -134 152 139 -131 -163 -206 206 -78 220 -97 198 196 -179 -147 -61 95 -250 103 217 80 150 41 -159 106 -123 227 162 -117 -174 -70 -245 110 -84 -53 209 100 199 -126 -93 214 87 -91 -58 47 -233 -244 215 74 -95 65 -212 -83 219 93 66 116 156 9 59 225 233 -160 211 44 -51 -150 235 136 -35 20 112 127 238 -132 -100 -135 -213 213 229 183 5 -190 53 98 -38 -111 37 -187 205 -166 111 -224 -219 -11 31 70 201 -43 208 -186 -23 63 -237 -81 -209 27 -198 -76 -185 -49 231 -113 -215 10 -121 -110 141 7 45 -118 91 -16 -19 19 26 -223 -48 -130 234 114 42 -109 -12 -41 -236 16 35 -29 200 -199 -222 -201 138 -225 173 -125 117 -47 107 -25 18 245 119 -241 -13 -108 184 -248 144 0 29 90 123 21 131 84 -64 247 -28 -77 -140 -18 -107 132 187 -194 -74 -92 -120 -21 78 -204 -127 -37 69 -86 -247 -227 -191 -88 -154 64 185 -143 160 -55 55 -197 -228 142 -5 -178 151 -217 13 
TEST 8 ARG:74 52 -236 -27 100 -30 -22 124 -139 223 -155 -114 60 49 -164 -142 -50 209 -132 -130 38 -224 -42 -165 113 -15 -11 -179 229 -246 -112 140 59 -62 -43 33 -197 136 187 133 241 195 -49 -196 -176 192 -185 73 152 246 -102 -153 -38 7 64 -88 211 -227 15 -7 48 -135 47 -207 135 157 204 -188 -124 -96 31 125 -6 -234 176 -228 -72 -122 -175 69 -218 131 -203 -117 106 12 39 -189 -34 -3 116 -214 -170 110 -195 142 -74 -48 -202 56 23 -232 16 160 166 208 -125 180 139 65 203 -113 227 206 -137 -67 30 -178 -212 243 181 -19 27 -160 -9 -237 41 215 53 -89 130 -146 221 -33 71 -107 149 102 -244 -194 207 244 81 -97 -10 76 -57 122 -206 -4 -109 -92 -99 239 230 82 43 169 54 193 -187 -84 24 217 -35 -151 18 13 200 -108 119 189 -58 115 99 104 108 -60 -145 -45 248 21 134 201 37 -138 5 8 -222 196 146 22 -56 -101 183 -163 164 -223 44 -157 -13 -204 58 26 237 247 -119 111 90 0 170 -216 -71 188 -73 162 -211 -166 -248 -241 -198 173 -26 -90 143 -24 -110 -192 218 -190 -136 -68 148 -174 -2 -231 -173 105 228 198 -217 -183 114 -47 -14 -95 -177 -229 -87 219 -75 83 20 -250 -120 109 174 61 245 163 118 42 242 3 197 -148 87 -209 35 -205 117 -193 -199 -5 -100 -245 1 172 103 -55 249 50 17 128 40 9 -52 -123 -53 -247 -21 -65 171 -149 -64 -225 132 85 222 126 86 46 -106 72 -44 -186 233 -191 -184 -131 175 -69 127 226 -66 34 -116 -171 -201 -18 177 14 -226 -1 -161 -46 -133 -143 -180 -83 -169 -20 -41 11 -167 121 2 185 150 -86 -40 -140 -121 75 178 66 141 -70 167 153 -210 159 -98 94 -59 45 -23 -238 -77 95 205 -93 -215 -61 -219 92 -144 232 -213 -51 -78 -76 190 -104 -79 214 -63 234 78 147 -150 165 138 96 -31 -154 80 144 89 -94 -239 236 107 -221 -220 231 63 -249 -158 154 -54 -16 -159 179 -129 98 191 10 182 -105 77 -8 25 -91 -147 -230 -115 213 -12 -182 -181 57 -118 -208 -126 -82 4 -36 -37 101 19 28 79 -162 6 194 161 240 -240 216 70 -168 62 -200 -111 155 235 129 224 145 67 36 220 210 186 212 225 158 112 151 202 88 156 68 -156 -128 120 168 -25 -172 -39 -134 84 -28 -242 123 55 97 184 -85 -29 -103 91 32 -80 137 -81 -141 -127 -152 -243 -32 238 -17 -233 199 93 51 -235 29 
TEST 9 ARG:-4 6 42 -239 -118 -157 -191 -213 245 85 -220 29 3 -217 53 -93 -114 16 149 -192 -243 7 204 174 179 113 -59 242 -150 -35 216 -96 206 -79 -126 -49 106 -119 -64 130 -51 172 9 -138 -68 -175 173 -248 -204 -206 70 110 67 56 -250 -91 163 112 -62 -63 181 -10 31 159 140 133 154 -111 68 73 -3 -241 81 28 -234 -76 156 -107 100 121 248 102 -130 -136 -110 86 220 236 205 -44 -60 35 -168 176 -11 -34 -171 182 118 -109 167 -143 238 26 17 193 91 -203 185 -183 -196 11 243 62 61 34 120 -178 241 1 -140 -69 -120 186 207 115 -58 -113 -41 -190 94 246 -112 214 82 209 46 -167 103 87 108 37 -208 50 218 -169 -202 116 60 -19 -244 -105 195 23 -101 64 -186 219 57 -232 -149 -165 -249 231 240 178 -117 -85 4 -163 -240 52 55 -144 151 -225 -182 132 107 145 -70 21 150 -129 -151 234 -142 -209 -104 -135 -57 12 192 123 -188 77 -158 -47 109 124 -48 -56 -177 157 -102 -33 148 177 -13 -155 -31 221 166 19 188 -66 15 -65 47 -5 -152 -39 48 79 -94 -43 -90 187 -194 122 -38 -116 5 -36 54 -193 92 -88 58 -128 158 -221 45 169 128 -50 223 131 49 80 36 -201 138 -23 88 247 -227 -146 168 -22 -133 190 162 -131 43 95 202 8 -179 180 -115 24 -162 201 -195 -170 153 191 -27 208 125 20 -205 203 129 -84 -137 -187 152 66 -156 -210 -181 97 76 -80 40 -134 -1 -92 -237 -161 134 142 -95 -125 93 -238 -52 -141 -233 -199 -28 -154 -21 -6 155 -87 39 -226 -14 -176 -16 -15 33 111 117 -228 -215 10 226 -247 -75 -160 197 -37 51 170 -18 184 230 -139 225 114 232 127 161 -42 -67 -86 101 199 -122 104 -108 -25 2 90 -216 13 84 -164 -214 41 -223 -219 -207 -229 164 -242 98 237 -7 -173 -53 -198 -103 14 143 224 239 189 18 -71 44 -246 38 194 -77 99 -54 -166 196 160 235 215 -83 119 -224 229 212 -245 65 -212 -46 71 213 -197 72 144 27 96 171 -153 200 -2 -184 -81 75 -211 -24 105 -230 233 249 -172 198 -147 -159 -106 137 -78 -82 -26 -97 147 30 -235 228 139 63 211 222 -236 -12 -40 -98 -231 -121 136 -20 -189 -8 59 -123 -32 183 -61 -132 141 -17 -99 -218 -89 175 0 244 32 -9 -124 -55 -29 25 89 74 217 -127 -200 78 -45 -73 -148 -145 22 -180 -222 69 210 -100 165 -185 -174 135 -30 146 83 126 227 -72 -74 
TEST 10 ARG:5 196 69 -63 40 27 -120 195 24 -249 -184 -215 -131 -88 126 -70 11 -163 -192 -50 -6 78 -52 174 228 58 9 -246 -146 80 -36 41 86 161 -98 141 183 -29 210 197 -83 -54 237 -227 73 -198 -46 33 130 115 -97 -44 154 71 -162 18 133 39 -185 -9 -188 -119 -236 -14 -71 -228 240 -150 46 -127 184 -5 -241 -10 52 214 -197 222 164 -122 -169 50 16 135 152 94 173 -247 205 6 151 230 -187 36 207 -20 -189 242 -178 -230 103 175 167 12 92 57 -135 229 -106 83 -232 -200 63 -211 -107 -129 -21 -92 -145 -65 111 132 -205 -69 -225 -126 -199 -136 -121 -170 221 -179 -217 234 61 -73 -37 146 -67 182 48 49 -141 -30 -216 219 -104 106 -112 -159 232 -34 -180 -243 245 51 64 180 101 -31 -4 -233 23 -250 -140 74 -176 -81 88 -110 -142 -51 -245 7 2 -28 -151 99 55 159 -105 201 176 59 -133 168 187 -101 190 139 143 -240 216 165 8 122 54 172 -72 239 100 31 109 -222 -99 3 93 56 170 -165 76 -196 160 147 227 114 -171 -212 38 34 -248 236 0 -207 104 28 247 224 188 -134 150 244 -61 171 -95 -8 120 -173 218 -181 -80 -174 -183 -132 25 26 -16 -130 -90 -139 198 -138 97 -113 155 129 -85 47 177 72 77 95 -56 -123 149 107 -124 14 -103 131 19 -24 -79 -223 -160 13 -114 181 -41 -115 145 -234 185 208 -219 -210 193 -27 -182 153 -143 -172 -239 -191 -47 -164 108 82 137 140 226 37 206 -25 -206 -94 200 79 -89 209 166 178 -242 -40 85 194 91 220 128 -53 -175 158 -12 113 -111 -26 203 -214 246 -48 -2 -58 -75 -195 105 169 212 249 -23 -155 -11 -45 60 199 -237 68 -35 -22 -33 32 75 -100 20 84 213 -68 -137 117 -125 -43 -55 -57 -157 -208 191 -87 163 98 238 17 -1 -74 -18 43 -49 -64 -152 1 66 -7 -118 -17 -102 -117 -77 243 -235 142 189 -42 -194 118 42 -19 -161 -153 116 124 -82 -213 -32 90 -78 -158 -38 -62 -84 4 -128 119 -220 157 235 110 -39 22 -3 -244 223 -204 -59 192 -209 204 138 -202 233 225 35 53 -116 -76 -144 -201 217 -108 -154 186 -224 -229 -218 -147 202 -203 -231 136 179 67 -190 -15 144 87 -109 15 231 -168 -193 -167 -156 45 81 102 -91 30 127 89 125 -186 70 29 215 -166 -238 248 156 -148 96 -221 -96 -60 10 211 65 121 -226 -149 123 -177 112 -13 -86 -93 62 148 162 -66 241 44 21 134 
TEST 11 ARG:-176 20 -114 -192 68 -107 118 157 -22 -169 165 -242 222 -104 -31 203 41 192 -48 -200 -112 -93 117 -42 -6 111 -166 105 181 178 109 -231 -184 65 230 231 53 101 -237 140 186 237 132 -92 -60 37 12 -113 -177 60 245 -45 -37 127 -10 -87 211 -99 15 -175 -109 -180 -134 -227 214 -33 -133 -75 -70 -85 -29 8 80 206 -244 154 -241 -164 225 -219 -215 -187 -246 42 -30 219 -155 -110 2 50 -210 121 -46 -81 -68 -156 82 26 -80 29 35 124 229 208 -15 64 -198 -17 -228 -188 -72 100 -65 62 0 149 -207 83 215 -23 151 93 162 175 -173 139 174 -69 210 -55 185 -159 31 -40 119 -111 146 -51 137 -95 -144 171 -73 244 -126 -34 77 -145 216 -88 54 -129 218 -221 -185 90 -220 -132 17 133 -62 -135 249 158 191 168 -206 -61 213 -27 -108 -248 -76 -140 -44 163 247 10 -47 -105 240 86 198 -67 -146 36 -8 13 -174 -4 194 -20 -102 -167 79 130 114 -2 234 -53 220 -142 110 85 -154 -222 227 233 -56 115 173 -238 78 95 -197 -190 -137 167 -131 -249 189 73 228 -28 -172 98 142 -208 -98 -245 125 -84 45 -147 -211 -77 -150 102 -178 190 -186 -91 -11 188 -38 3 -162 18 -199 9 14 179 197 75 246 -234 116 -240 84 166 241 232 204 -97 123 -123 -195 22 248 -153 112 55 70 -58 44 -14 -115 -5 -247 -179 46 88 -202 160 -120 -19 -148 -125 -39 -21 -1 103 -50 74 -12 148 145 -83 104 200 89 226 161 128 -54 -82 11 -183 -205 143 -160 153 -7 -250 -43 -236 221 94 40 -168 4 -90 23 -170 -3 242 -218 -226 92 131 32 135 51 164 -128 99 224 -103 -24 47 172 169 126 87 236 129 -143 -41 21 -239 -213 -232 91 136 -233 -36 -16 -127 106 -223 -157 -9 -89 184 -235 -182 19 201 -124 -204 -59 34 -203 -171 155 -116 -119 -151 -13 205 -158 25 235 -101 -161 39 -230 27 156 -100 193 202 66 -201 -118 69 7 -243 -35 -26 58 -106 -209 38 24 -18 -181 67 150 187 199 239 -71 76 144 81 71 -49 72 176 243 49 30 6 141 -74 -191 -165 -193 183 57 -229 -138 -214 97 -94 -225 -141 -152 61 -149 -130 -63 180 -217 120 -32 5 207 28 -212 134 48 212 108 217 -224 170 -139 63 56 -96 238 -57 -86 122 223 -121 1 -163 -78 195 16 -64 59 52 152 -52 113 159 138 43 196 182 -189 -122 -79 -117 -196 -194 96 209 33 -25 147 -136 -216 177 -66 107 
TEST 12 ARG:-231 174 -175 -141 -8 226 -39 -170 77 246 -64 111 -166 -35 218 -83 193 -249 88 -167 36 139 127 -53 70 66 151 -7 87 247 235 61 -11 -156 124 21 -68 -197 -215 -94 217 69 130 -174 62 -242 20 -19 152 -17 212 144 74 189 -103 122 202 -110 55 -66 12 40 28 30 -73 -87 -45 -21 154 -248 216 14 113 106 -155 -181 -154 -49 -180 -23 -206 4 94 -236 -205 196 -186 132 67 -102 -239 -81 128 -126 117 84 59 142 -25 -184 -47 238 -158 199 -189 90 220 -119 80 207 -130 -139 -223 -31 -85 -229 -13 -3 33 -16 -218 -161 38 32 -244 153 -135 105 -131 -105 19 -200 68 -247 -125 155 -108 -60 211 175 -30 249 76 -195 -198 -62 -114 63 188 78 205 -217 -29 -80 195 197 141 244 -144 168 -40 44 185 -101 -107 -48 -122 146 6 -137 57 -243 -54 236 -169 234 223 156 86 -164 169 135 -171 -234 9 -63 232 65 229 -15 93 -112 -230 -182 -55 -84 -192 118 83 96 -52 -12 -172 -148 116 39 181 136 129 184 -121 -147 -143 10 -118 243 -190 165 -106 -44 190 -209 -69 -76 160 221 46 204 162 -10 -216 -211 -33 -95 137 100 215 145 16 -153 -127 -203 5 -50 34 -241 -43 -210 -1 -238 179 17 -240 178 114 -59 -245 82 240 -90 -235 -42 -226 -61 134 192 -177 -100 -178 7 -136 149 -208 -71 237 157 -5 -77 -128 131 -24 103 15 -70 -202 73 1 -46 -115 -160 -34 60 -163 -117 126 163 0 206 -28 75 -138 -227 -74 219 97 143 -129 58 -111 -99 64 -96 -149 -98 104 -92 -145 -165 -193 22 23 -57 -207 140 25 171 35 2 -150 -9 -228 -41 99 -162 -232 85 -26 183 148 72 -224 54 -109 47 -157 159 -2 -89 180 208 173 -187 -185 161 -194 -113 24 -116 -188 125 -120 -78 -246 13 198 -56 150 109 27 -20 31 112 -22 248 -18 -196 -4 3 49 81 -79 50 176 177 -140 -204 -27 172 101 187 53 92 -104 121 120 -93 -72 11 119 -222 79 203 -6 -233 42 -67 -151 -37 29 89 -38 230 -86 37 -124 -212 -142 -82 147 -183 110 52 51 201 102 224 -36 -51 166 45 -159 -237 210 158 -220 -88 -133 -32 123 -123 225 242 133 -191 26 233 115 239 -65 241 18 -250 222 170 200 -168 164 -146 -225 191 227 -219 167 138 245 -199 186 -176 -221 213 -201 71 194 91 214 -134 -91 108 95 -214 8 43 -75 48 56 -213 41 -97 228 107 -173 -179 -132 -58 98 -152 209 182 231 -14 
TEST 13 ARG:-156 -102 -120 206 114 -160 -188 180 -179 -106 -88 -80 -227 -198 -225 -126 142 230 57 -19 -95 -84 42 -67 26 -110 -138 -100 -209 182 208 -60 191 165 -118 -184 76 79 173 -134 -178 -96 233 -168 -165 -231 223 -59 210 -18 212 10 75 52 -221 -82 218 239 -79 116 23 81 -153 -75 117 62 -145 -94 37 226 119 -66 -128 -37 71 134 -248 -211 78 -201 -113 60 33 -148 -53 200 -181 70 45 69 46 41 -229 120 220 -31 103 -14 -236 109 -61 -58 -5 -217 -101 3 -215 246 197 243 -195 202 121 56 82 108 229 -249 -155 27 -104 -154 -192 -24 136 -48 240 -162 155 -203 -105 -204 -74 181 -172 -114 -194 216 183 -122 -250 -76 40 -54 166 49 8 144 98 43 -81 154 -121 192 -133 -175 83 112 126 -107 171 194 156 -171 72 145 21 -68 -141 -176 14 188 19 215 141 222 -150 130 73 -208 147 -12 161 59 242 238 -91 195 158 186 51 244 -45 -26 13 -49 245 219 -132 -235 228 -62 111 169 -173 99 -85 38 34 32 96 54 -207 -216 -247 209 87 -52 -6 -185 -15 -218 -151 15 -245 -72 25 -170 187 124 204 1 -213 -186 48 105 113 -8 -109 -139 -199 -97 -9 241 80 172 -116 47 143 -77 159 248 -226 -210 -205 -29 94 189 -27 104 -33 85 12 -40 -23 -240 -161 247 -99 -149 -180 128 -190 68 139 -125 -243 -224 -13 28 2 -64 -206 -36 -41 -212 92 -230 167 -137 -144 -55 -119 -157 -11 231 -220 -244 -43 -42 -30 175 -46 -174 196 -191 190 77 151 -32 74 -158 225 203 176 -177 -17 122 -234 -35 7 -10 65 -50 170 -1 -146 125 -196 84 -233 20 -56 -44 201 -164 164 93 157 -232 90 213 -189 35 61 131 174 -123 88 -124 -239 -237 -4 217 66 -238 -90 140 -108 9 -169 221 -214 -20 -3 -65 110 123 -70 138 -152 -34 211 234 115 137 -103 -28 178 31 -197 -78 214 -21 177 179 -183 -167 -69 107 -38 17 0 227 -242 -47 168 -117 133 -87 -163 101 -51 224 -219 135 102 -83 86 -57 53 -25 -93 -73 -111 64 11 185 -143 249 184 -130 -222 -166 162 29 153 4 232 -187 -241 235 95 -39 5 152 106 146 207 150 -129 -7 -202 -182 36 -71 -16 55 -131 -98 148 -228 -135 44 67 -136 -193 237 -22 39 129 163 89 -159 6 16 -63 -115 -92 100 -223 -2 -147 118 -142 132 -127 -89 63 127 30 91 -246 -140 199 236 97 160 50 18 193 22 -86 205 198 24 -112 58 149 -200 
TEST 14 ARG:222 -164 179 -229 -88 -212 150 162 -131 180 232 164 89 225 20 183 229 129 -203 -124 93 -63 160 -149 158 -112 -29 63 -152 -144 99 -66 -165 57 84 226 -231 -5 127 19 81 130 -76 3 140 32 141 207 -197 205 105 -199 15 230 142 -202 -228 107 -142 -173 -150 -175 -26 213 182 -89 -244 -239 119 -8 -194 110 -49 -128 208 133 120 -169 -93 58 102 178 87 79 97 13 -90 239 -226 -65 224 -56 -190 -147 199 -111 118 49 -48 -137 -77 247 -95 30 -161 -37 71 -181 174 -117 -178 25 132 185 -133 51 244 227 -126 27 -168 192 -122 106 -177 -195 -224 -82 211 17 -206 -72 -2 59 46 41 -54 50 148 236 228 -44 -16 -84 22 114 -156 168 -32 -40 156 -151 -246 80 215 34 -39 -222 -9 -189 245 -19 16 47 73 -141 -100 235 113 1 -214 108 155 -188 86 -121 76 18 -114 -182 61 -83 243 -119 157 -110 -109 -15 189 -11 176 14 234 -180 -139 -81 249 184 39 -116 -98 -208 62 -227 166 -35 69 202 197 246 209 103 -230 -4 188 -170 200 -232 56 -143 44 -243 -174 -248 -75 -211 242 -30 -50 78 -70 90 -10 -196 143 10 -201 -7 -73 -103 -61 -53 136 -129 -155 -57 6 -45 -43 36 4 -198 -216 -99 -38 -41 204 24 31 -217 -157 144 220 82 -71 175 -80 -242 -113 163 35 -247 42 -235 -17 138 -204 -237 -130 198 109 -213 153 -207 -183 -12 137 -193 -33 -154 177 -172 231 172 -47 5 240 116 38 -24 -118 206 221 -236 85 -23 0 131 -215 -59 -1 151 88 214 -42 154 -21 -78 68 216 26 -104 -233 -241 248 -52 121 77 94 21 -171 53 -220 60 -218 -58 100 -135 -107 125 -167 -46 170 -153 159 122 -62 -158 -148 -108 -162 -249 -132 -145 54 -134 -240 -22 -31 70 149 -209 101 -191 12 52 186 134 135 96 -68 181 -87 40 -69 -223 193 233 117 98 171 -28 2 -225 8 -205 -3 55 115 -91 95 191 -138 -51 -219 -34 -14 210 28 -234 112 128 241 66 48 7 -102 223 -123 167 145 -101 23 -163 -86 -6 -176 -250 203 161 126 -185 37 -18 139 238 43 -192 -146 104 29 33 -60 -221 -187 212 146 -20 -92 -179 -238 111 217 -245 -13 -159 -67 -27 92 -97 74 -36 65 83 -105 9 -127 237 75 45 194 -94 64 195 67 147 190 -25 -125 72 219 173 -106 -64 -210 124 -200 201 -120 -55 -140 -96 -166 -160 169 187 196 165 91 -186 -184 -115 11 -79 123 -85 218 -74 -136 152 
TEST 15 ARG:119 88 143 151 91 46 -18 -43 -190 -201 136 108 -174 98 -57 86 -158 -144 205 2 -181 -111 215 -19 -186 45 -136 226 -39 240 84 43 157 -96 158 34 -115 76 159 235 96 -99 168 -182 -81 51 -4 178 185 -62 10 -221 -113 38 -161 -148 239 -89 -150 -42 13 -45 -54 -27 71 29 -61 106 -120 -107 212 18 -248 -117 -159 61 192 4 -73 233 182 -30 229 166 44 -204 -154 230 -135 59 -125 11 -153 247 171 -35 -13 -187 -106 -243 238 66 -202 210 -232 -141 -58 -110 -185 111 122 -183 -93 -10 -149 128 -203 144 -51 -145 113 147 -162 -122 -26 -176 -138 170 163 137 69 -121 206 153 -76 -41 222 162 -97 -157 -143 156 40 116 -197 149 -102 165 104 249 27 -177 -16 -250 -165 -242 193 -194 130 -48 -184 180 -12 -237 -131 87 -65 -114 -60 35 -71 198 181 52 175 142 -241 211 123 -229 -55 194 139 -8 -172 203 -199 60 183 94 232 150 7 31 21 -70 -245 -219 129 -126 -36 190 -206 20 -134 56 57 9 146 160 -228 73 189 -213 -38 78 248 -74 -215 -6 75 -220 117 -239 161 -46 93 3 65 131 208 141 -247 -224 -238 95 -188 200 53 107 152 -207 241 120 -226 -216 -225 97 -33 204 246 197 174 -139 -223 -49 77 68 176 -9 -104 81 -152 41 220 -170 15 -156 196 -191 36 -230 -100 49 -112 234 219 -233 -180 236 -47 -235 135 -95 -178 58 39 -80 -68 224 -128 90 -200 -52 138 173 85 -142 201 5 30 -15 214 -50 -31 125 228 62 140 -87 118 -166 -40 -37 42 -246 -28 134 -193 -231 -151 8 16 -173 154 -127 -244 -169 -240 -195 -63 89 63 -198 -167 -20 -98 -72 -179 126 -44 6 19 23 -21 33 -140 47 -91 -82 17 155 -34 -64 243 216 -212 -137 103 -196 -108 -210 12 132 114 -119 186 -227 -22 237 -78 -218 -23 191 -105 1 109 124 -77 169 207 26 -14 -129 145 -123 -67 -109 213 -75 -86 48 209 -168 -53 -101 -133 -3 -5 242 102 227 -83 -88 -208 133 -124 -192 127 -163 -209 74 245 -211 83 24 -79 -116 -29 100 -147 -92 -7 -32 112 -160 148 22 70 72 -189 -24 -164 164 101 -118 -234 -146 -222 221 -171 115 202 -84 225 -2 67 199 28 -130 25 0 -236 -155 14 -25 92 184 64 99 195 -59 79 37 82 -90 -103 188 179 172 110 105 -94 218 -217 244 223 187 231 -175 167 50 80 -214 32 -17 54 -56 -11 177 -132 -69 -66 121 -1 -85 -205 217 55 -249 
TEST 16 ARG:-97 -30 -177 -141 200 -9 -98 72 20 2 -243 -148 210 81 -232 51 -26 194 202 50 77 -53 125 -64 221 56 -33 64 227 25 -47 -139 217 223 88 -41 230 -241 -62 213 -221 216 176 131 100 -104 228 -2 212 -31 180 247 45 -17 192 141 -125 226 -214 101 -158 19 -70 6 73 119 14 63 199 235 127 -193 -129 3 218 49 27 -159 -162 -244 -23 -32 -230 89 -107 -187 -247 166 4 69 142 181 168 -186 -37 68 107 -68 -34 -15 -165 -12 -210 21 -110 -173 -164 -199 74 -151 -21 -112 -149 -154 231 -225 -176 -3 -56 9 46 -143 242 208 -200 115 94 205 26 108 -216 10 222 233 -153 -240 249 -58 -207 -220 -11 102 -95 206 -18 -120 -194 -223 54 112 121 -82 -134 -195 135 -145 12 139 -218 154 116 1 79 13 -118 -66 195 -157 150 11 90 61 35 -188 183 -168 -90 -78 -175 -155 -102 58 -166 234 -147 -79 158 -13 138 -131 175 148 -172 155 -161 30 174 136 -191 -236 178 -224 16 -54 177 224 214 41 -86 248 -133 245 191 -181 -196 187 8 95 113 -228 190 -81 -92 246 66 229 -29 -122 91 -93 126 -246 -205 53 -235 -126 -215 99 70 240 -35 117 -132 36 118 -239 -96 -77 -160 -7 182 43 39 196 -208 140 84 124 67 232 104 -80 111 -67 171 80 -171 -6 -206 -106 -59 -72 -142 134 -117 -63 -146 -88 -28 -192 98 -87 -180 -150 -123 -89 130 204 -182 -55 -100 92 -204 40 83 147 164 186 93 -57 -219 -138 -24 24 -36 165 32 -40 -49 7 110 -84 172 -45 162 -249 -42 133 -85 23 215 34 -38 -108 211 5 203 209 -197 -250 71 -242 60 -75 -39 -74 -109 -20 33 220 -136 137 -211 201 239 -189 -183 -113 159 48 -25 65 219 -76 -202 173 198 -213 -234 -5 -51 -229 -167 -140 -115 -222 85 193 78 -27 -124 -50 97 -237 144 62 -22 38 -233 -83 -65 82 -4 31 188 -245 -190 237 170 106 -128 18 -127 0 29 -144 -231 -130 -44 185 122 225 -114 -60 189 151 103 160 47 236 -185 -1 -91 -103 143 75 -10 -227 28 -152 -198 184 179 -52 87 -48 -238 153 -170 105 -156 238 52 169 59 -201 161 244 -14 -61 -248 37 -46 42 157 -94 -203 197 -43 55 76 -226 -169 163 156 -116 -73 129 152 -178 -105 167 17 -212 96 -217 146 132 145 44 114 120 -19 -184 123 -121 -209 -71 -16 -101 -179 243 128 57 241 -135 -137 -163 -174 -8 -99 -111 -119 207 86 -69 149 109 22 15 
TEST 17 ARG:137 131 143 -77 107 -128 203 -170 -96 -57 246 127 156 -246 173 -166 130 132 -1 -126 195 126 139 1 -156 90 20 209 113 29 -243 -176 -199 -211 -209 153 59 -109 -46 140 21 -6 -74 -95 226 242 182 -60 221 219 -34 102 196 -197 172 122 165 -135 -66 -81 -141 2 -216 3 -48 -50 -113 188 69 -239 81 -225 -238 -55 88 -18 149 12 223 83 144 -215 -189 213 38 6 -230 77 159 150 85 -83 -73 22 -159 -205 56 -106 27 136 191 -151 228 73 33 -115 154 -123 31 -221 -33 35 8 18 -24 -204 -143 244 141 249 82 -13 133 174 76 220 -167 -114 -144 -188 125 -164 -226 -250 -49 -190 207 87 -40 -86 10 -210 129 -248 -61 -138 -112 111 222 -93 64 218 204 -147 236 184 -234 205 201 91 232 -179 48 -27 -36 104 -142 -8 -198 78 -78 -19 11 171 -103 185 128 202 -72 -119 151 -249 30 -17 -177 167 -99 58 70 -240 15 -100 -244 245 -67 108 -168 186 -107 -23 7 -32 237 -227 -224 -202 92 117 -149 -41 210 -158 -185 193 -220 238 -245 16 -30 -15 168 -233 67 -90 86 241 214 4 75 -247 225 -21 -39 62 -173 230 110 -116 79 -4 84 23 -59 45 -175 100 50 -145 -139 124 176 99 -129 -231 -127 194 61 138 -121 -242 157 180 224 -140 -44 -131 -161 120 28 -105 0 183 -237 200 -104 -10 98 198 -58 65 -169 -201 -52 -150 -65 93 95 155 -148 -88 105 211 -118 -217 97 -228 -92 234 -208 71 72 -218 109 -178 -213 217 -80 178 146 24 162 164 -146 -26 -70 -241 -152 -94 5 -56 -102 94 106 -171 55 -53 -31 206 17 -98 103 169 -232 -223 -28 212 -42 -14 179 158 145 134 -110 68 -54 -137 -97 -63 177 243 32 248 119 -7 -16 -235 208 -214 -68 -25 -11 215 118 -76 -200 160 -192 148 60 181 -181 231 25 -37 -89 -120 43 216 -206 -38 -91 170 -153 114 14 40 26 -212 44 -51 -87 121 41 -196 34 46 -62 -47 -163 -133 -174 -75 -183 96 -2 -122 175 -12 -35 -108 -193 80 42 152 -125 101 247 74 -45 240 13 197 229 142 -155 -79 52 47 57 -219 -29 -69 -187 123 -236 -162 -203 235 -207 -71 -130 -85 -157 -136 -101 -5 227 36 53 239 -194 -84 63 -9 -186 54 -229 163 -20 -160 89 -134 9 -132 -222 187 51 -3 135 37 19 161 -154 -82 -195 -22 -43 -165 -191 -64 112 115 -172 147 192 166 39 -117 -180 -124 -182 233 189 66 190 49 -184 116 -111 199 
TEST 18 ARG:156 -164 -193 222 -67 -216 -170 102 136 36 -112 224 100 -27 221 236 17 -156 174 42 -169 242 -148 -80 11 -85 -74 -58 35 -168 67 72 98 109 189 -227 -210 -134 -165 53 -246 -14 -137 -245 -178 -66 -56 -195 41 -81 56 95 159 -203 -202 -231 20 214 209 -89 231 -130 16 171 22 91 -226 -97 -118 105 -23 134 -240 69 -124 -1 137 118 13 -49 -159 27 -93 147 219 -147 -191 194 122 71 -237 -119 169 165 -51 157 129 -204 -3 197 -175 29 -45 -167 -87 46 203 -40 225 -135 -102 92 234 -24 -181 -152 -68 239 73 215 133 -150 154 -141 206 47 -215 -142 -22 -207 19 -44 123 -38 145 64 172 9 -111 158 175 -115 -212 -179 143 -233 188 179 -176 -76 -228 0 -34 -145 -84 -105 144 -244 50 -33 -183 -64 116 -174 -129 190 -182 173 -117 -88 -83 85 161 177 195 149 -172 80 -187 87 15 -12 -196 -43 -30 6 -53 -98 93 -41 81 -6 -201 247 -57 1 -158 226 -95 -222 -140 113 8 -121 -139 110 223 187 -94 -151 59 -96 57 -229 212 -185 146 163 -79 237 84 -62 -235 -236 -109 14 -249 150 -136 -194 52 117 -72 -55 126 63 24 -154 -37 -82 49 -47 -199 170 238 178 -21 -250 182 -189 220 -241 155 -213 127 2 -190 201 112 176 -70 76 204 -146 183 -18 249 -99 -126 25 -209 207 -5 78 -39 34 -243 -138 -101 -162 205 138 -19 -59 5 33 -197 -239 -206 -110 245 168 248 97 -123 55 135 -75 44 -92 -86 208 -173 -35 -192 243 211 -107 148 -205 -198 51 66 115 32 -90 -108 108 90 23 83 26 37 185 232 82 70 31 128 77 -50 153 -221 -160 124 -155 192 -208 -11 -125 -28 88 200 43 -224 54 58 -232 186 191 139 38 28 -157 -211 121 -225 228 151 -177 48 103 -8 99 21 -73 196 -133 -127 -143 -106 120 18 244 -153 -217 -218 -71 -100 94 -46 104 -242 -31 111 -131 162 68 -166 114 246 86 193 -149 -52 -132 164 -2 -60 60 141 -26 -32 131 -114 -16 -144 12 -36 40 -220 229 119 -116 106 -29 3 61 -248 213 -161 -122 180 227 -163 -4 107 198 241 -42 140 235 -25 -234 -200 -103 -13 45 130 -77 142 166 -61 -7 -65 202 89 -91 -78 -128 30 7 125 233 -214 167 62 79 -223 -238 216 152 -15 132 -120 -20 4 -188 74 240 -63 -247 210 160 -48 -184 -9 -54 199 96 -10 -113 65 217 -230 184 -219 -171 101 -186 -69 -104 218 230 75 10 181 -17 39 -180 
TEST 19 ARG:-51 234 37 -53 -24 129 165 -116 -81 -105 120 84 101 -36 153 -45 -67 20 230 -56 -5 -211 44 -76 -242 -39 203 -213 -157 233 -91 241 209 169 15 -146 -212 119 170 243 -175 17 -118 -42 143 -215 132 223 -234 100 140 179 -77 62 -40 -151 242 194 114 -79 85 -52 0 -233 106 -225 -95 -120 -112 -11 128 54 -124 183 74 -126 -199 63 -130 137 115 -34 -66 -185 4 -240 75 -107 -245 186 31 -54 99 238 213 89 11 -114 -209 187 96 175 -134 -68 210 181 -241 -189 -74 -89 98 -196 138 -16 -203 111 -190 64 -102 185 93 159 91 19 29 154 -143 193 -230 112 69 43 -19 67 177 60 -78 126 -161 -229 198 -236 236 135 -57 13 -186 3 -158 -162 92 -219 125 -235 -32 6 65 12 191 -84 -145 -169 -182 -210 176 220 -23 -206 -33 136 -198 -165 141 -128 -237 -184 -172 -202 -247 94 -244 207 24 72 -8 -177 -140 -103 -123 -205 -142 245 -92 -155 82 -30 -197 145 -150 57 189 49 -183 -41 133 -195 -174 -227 184 -208 -152 8 116 56 -122 -136 -60 237 205 -71 -131 -17 34 172 16 246 -220 66 -94 249 -48 202 103 -70 107 204 -193 -170 156 88 45 -115 190 200 131 -214 -12 -192 23 232 206 -31 182 -127 188 122 208 -18 90 -147 68 108 5 130 228 -149 134 149 197 201 124 97 -6 -10 78 -63 -59 162 -85 -69 -121 -217 38 -101 -226 22 219 -2 -248 105 -90 -173 -7 -14 123 87 -88 -178 192 -201 148 215 -181 30 -97 -238 -125 -224 -113 180 -64 -110 -72 211 95 2 -46 195 18 51 -231 -75 -171 -228 40 -168 -62 21 164 218 199 109 -3 118 240 -111 121 -38 -73 -22 -28 -117 226 127 -47 25 -1 -138 -26 110 142 55 214 -221 217 -27 157 -82 -58 -137 -119 28 -180 -232 9 -133 -29 151 -132 14 -98 117 52 212 -108 150 71 174 222 -93 225 50 -139 -61 -222 -35 -80 244 86 -20 216 -106 -216 166 146 -156 -100 -86 36 -187 -43 -218 -87 161 227 -37 -104 10 160 158 81 248 -188 -239 -96 42 48 59 167 1 58 -154 70 -9 247 -13 -21 239 -166 -249 -163 -246 196 41 -204 -15 221 104 -176 -135 53 27 -129 73 80 178 229 147 32 -55 -179 -83 77 -44 113 139 -191 -50 -49 -99 26 -109 152 -194 171 -141 -160 -164 -4 -243 -200 -144 235 79 -250 61 47 35 144 -159 7 168 83 -153 -167 46 163 39 33 -207 155 -223 -148 76 231 224 -65 102 -25 173 
TEST 20 ARG:222 229 158 66 -30 -185 207 196 35 92 -235 181 -154 -236 -31 170 -192 121 161 -49 -67 149 22 40 -66 -158 67 -244 -1 81 42 -13 52 231 -212 122 214 -14 -93 246 24 -127 225 -207 -74 152 90 65 21 -145 218 -16 -64 88 210 106 79 -94 44 103 -134 50 -166 -141 96 126 172 104 202 84 205 -220 236 -35 33 -120 -172 -222 -195 -40 74 61 -65 -99 -39 204 18 47 -171 133 127 55 -24 91 51 54 2 -124 62 -224 14 -86 -190 151 -81 -50 -101 -80 239 234 185 -131 -19 -90 212 -92 132 183 194 -91 8 233 -193 0 -87 -146 153 119 -151 -176 159 -57 -138 -111 -250 -191 208 -36 83 -130 -21 171 182 -61 116 -108 5 -83 -60 73 -248 -161 237 -230 125 82 -116 -194 186 -75 -26 -88 157 -187 217 -162 -59 -109 -228 -107 12 174 195 169 111 -196 -183 4 -208 -246 227 -106 156 107 187 -136 -237 9 -11 -20 -96 220 -177 -203 49 240 -29 203 -114 -112 80 -51 134 -147 179 27 -229 -155 -140 -170 -18 137 -98 -135 99 57 -169 164 -4 95 -55 -122 139 -8 -188 -22 177 -167 213 -25 41 7 -175 -249 -209 -199 -103 219 -179 94 -102 34 142 -126 175 -123 162 242 -225 77 235 -38 221 247 -73 120 60 190 63 -182 191 167 112 -219 20 70 -197 140 46 -164 -69 3 144 226 160 148 223 146 -37 53 -142 -211 -156 6 197 -143 184 243 238 -132 75 189 64 241 201 -27 -34 71 32 -181 -159 141 209 -206 -7 -117 -227 147 -3 -125 19 165 31 -72 -241 -62 -17 131 72 1 180 -97 -15 -200 -44 45 -58 43 -121 143 93 -243 244 98 -71 100 30 -41 -168 -113 -189 -84 -234 -214 -202 150 -95 15 76 87 -148 10 -5 200 13 -233 130 124 114 -201 118 16 -216 102 -23 -104 101 -76 -157 -221 -149 206 216 25 -10 -152 129 -150 -48 -223 230 -174 173 138 -186 -144 97 -215 248 -2 29 -153 -242 109 178 -68 -9 -105 -79 -82 -54 110 -77 -118 -128 -180 -53 228 -218 -165 17 86 -45 211 193 -232 -247 245 -42 -46 -32 -213 168 -245 108 28 249 -178 36 -163 -63 -217 89 -12 38 -100 -160 -47 155 117 78 56 -133 -115 -231 -240 85 -139 128 -110 -6 37 -137 115 154 11 48 -205 -52 -238 -173 -28 -184 145 -33 -70 135 -210 -204 23 192 215 -239 123 -78 -43 39 -89 -119 198 232 68 -226 199 -85 113 58 136 105 -56 -129 26 166 69 176 224 163 188 59 -198 
TEST 21 ARG:-110 -188 -182 -8 -231 -63 -155 236 -47 65 139 -226 -104 -216 119 -20 -144 197 188 -224 -218 169 9 247 -90 -108 -98 -194 75 218 -50 -59 -250 -106 34 163 208 -49 8 -185 181 46 154 -195 108 -1 30 99 52 -115 -211 -31 -112 59 -82 194 205 56 44 5 213 -117 -142 109 -151 12 124 104 192 67 204 -241 43 -37 245 74 115 243 -127 -125 16 76 -70 -219 -183 -34 82 166 61 -190 11 -246 107 60 -86 68 -245 -163 156 -109 -42 186 -52 231 -153 173 118 103 97 38 91 22 26 147 -201 14 -235 -160 17 -221 198 -75 244 127 -154 155 206 -99 -122 -177 101 -119 179 -65 159 -83 -199 -120 -136 116 -204 117 -58 -175 -81 -207 189 -202 105 85 -165 170 -234 58 134 -134 -107 -145 -40 -57 -46 -184 -157 31 223 -69 -243 0 86 -208 21 164 184 185 -66 18 193 1 48 122 162 195 -43 -193 -53 158 128 -71 -192 -4 -100 -94 78 77 121 -29 -7 138 216 161 123 190 -95 249 129 -161 228 -146 -27 66 -149 172 -118 -158 -72 215 -64 -152 180 226 88 -33 -74 135 -61 202 4 -232 182 -212 -67 -139 15 224 212 -114 -176 -39 177 -213 83 51 -14 -22 229 -24 -249 3 93 -178 -156 81 -76 187 49 -227 -85 201 71 151 -89 -132 24 2 -45 37 196 160 -16 -230 -210 -179 -191 142 150 -236 132 -196 90 -171 -11 152 -123 -3 -197 33 -203 199 54 10 -206 238 64 -172 220 -242 -28 -19 140 -217 -26 -54 96 -88 -169 94 114 -180 112 29 -238 240 -105 191 -228 -35 235 -111 211 125 -91 20 -121 50 153 210 176 -17 -68 13 -240 25 183 53 70 -62 -2 207 -186 -220 239 55 -150 -124 242 120 -13 -103 47 -247 146 111 -159 36 95 40 -38 -129 -239 -130 136 -18 -30 209 174 234 -147 42 27 -137 -80 241 248 -36 -126 -200 -148 -140 62 167 -48 230 130 -222 -168 141 28 98 45 137 -73 178 69 217 -102 -41 157 232 214 84 113 -6 144 72 237 80 19 246 92 133 23 -77 -225 -198 -131 -25 -164 -55 -92 -237 175 57 -173 -214 32 233 -60 -101 7 6 -170 -174 -209 -78 126 -128 221 39 110 -187 -56 89 -44 -189 -181 35 -116 106 -162 203 200 -5 225 -96 -15 63 131 -23 -21 -215 -51 222 149 219 -113 168 -138 -244 79 -133 -143 -166 143 145 -97 -135 227 -141 -223 -32 -12 -10 148 165 -229 73 -9 -167 -79 87 -87 -205 -248 171 100 -233 -93 41 102 -84 
TEST 22 ARG:-173 -239 63 124 59 19 -189 -45 1 -4 232 -30 -237 14 103 -22 -48 -153 201 8 -116 -206 -44 30 125 24 -248 95 102 80 160 45 230 -54 119 -9 47 -139 -233 -131 225 -82 146 -197 81 12 -76 16 -224 -135 -85 135 116 144 -216 -79 -172 -194 56 -49 -132 174 -187 216 -220 122 194 -56 210 181 -113 212 234 10 168 -69 109 120 126 -123 -204 -193 218 -11 172 39 -58 -112 -1 214 -174 -140 34 192 196 -7 -195 17 -155 92 165 -73 162 -109 -147 87 166 52 -199 111 -35 -167 228 -75 -142 -90 199 -27 -211 3 -235 115 -120 -144 42 -127 -222 138 -67 188 -59 -243 134 -134 -192 23 46 187 0 123 -14 6 61 -117 22 41 224 128 121 58 44 -43 -164 -83 -94 171 -183 145 71 25 37 -133 -205 53 -98 173 -70 150 29 -32 -201 -105 38 -106 -138 -20 51 -16 -36 204 75 -91 147 203 68 -96 -227 48 -161 -246 91 -240 -12 79 -5 -53 180 -198 161 -121 100 -65 -103 -218 -110 -245 -228 -29 99 15 -232 54 69 98 151 -97 -50 96 84 -186 -210 -60 73 164 55 190 101 -238 -229 -15 -157 -160 152 -102 132 191 90 -39 -213 104 227 -200 156 -242 241 213 248 -165 -168 -137 -170 198 236 207 82 -166 222 195 -42 235 18 32 137 184 242 229 -149 -24 -23 97 62 -64 247 -225 -71 197 -196 -182 -8 -214 70 -249 49 -2 110 -34 -17 -191 -19 200 -247 -215 217 -150 -86 226 209 139 169 -31 220 5 28 -41 -101 -28 -156 -236 -47 -68 27 118 -130 11 -25 183 2 40 88 -66 175 245 185 105 140 -221 208 76 112 136 -208 50 -185 86 74 65 -217 72 -21 9 244 -179 130 64 186 -74 -178 -38 -40 -10 -219 -3 129 85 237 -88 179 89 170 178 -72 31 -202 -51 -100 182 206 148 215 -158 -169 66 -80 -99 163 -163 77 -136 -111 143 157 -141 57 60 -154 -171 -203 127 -125 219 -176 -159 -115 -212 67 -188 -190 43 -37 -84 26 249 158 -63 -13 94 176 -6 193 -126 13 -175 -143 36 93 -162 107 -244 149 -57 -128 221 177 -181 35 -230 -78 -92 154 189 20 153 -18 -119 -124 142 223 83 -148 -114 141 -184 -129 133 7 -95 -26 246 -145 106 233 159 -107 205 114 -180 -81 167 113 131 -231 239 117 108 211 -223 -89 -77 243 -177 -108 -241 240 -151 -146 202 -104 -87 -52 155 -93 231 -61 -118 -62 -46 -250 -33 -207 238 -209 4 -152 -122 -234 33 21 -55 -226 78 
TEST 23 ARG:-176 -45 -69 194 137 207 -11 -245 32 192 214 179 -74 36 -111 -18 -180 -152 -227 -95 -97 -110 237 118 -223 10 145 -168 -197 -161 -139 -21 75 -235 215 -22 -78 -119 235 64 -108 223 94 93 -153 78 129 -248 -150 -32 8 246 144 -172 148 -27 -33 -230 96 -40 25 81 212 -5 238 35 -29 -83 -82 159 181 -66 92 101 -240 -43 -210 -170 -100 -77 -114 -131 -241 -144 135 208 18 -226 4 126 31 100 29 -220 149 -221 74 170 -89 -166 -26 -107 -10 -102 -14 68 -205 -217 53 83 209 30 -196 24 71 -204 6 -213 17 180 210 -236 211 43 -1 40 -6 45 0 -117 152 -93 3 127 48 130 220 158 150 168 -8 -138 248 -104 -148 -192 -16 -202 219 115 99 200 187 201 202 -233 -73 -30 -81 -106 120 228 -177 38 97 -141 47 -162 198 -250 -123 -109 183 217 95 110 112 -118 -207 61 -61 166 -173 117 13 2 9 46 -200 63 98 7 176 -86 12 157 -193 72 -120 -112 -60 225 206 -239 196 58 -49 184 -130 -87 233 -2 34 -92 116 -41 216 177 16 104 -94 -4 197 -80 -133 195 134 174 204 -59 113 -76 -191 156 -63 -125 59 52 -20 -154 -142 21 77 51 -183 123 109 -247 -84 44 -101 -163 178 -115 188 191 -121 -88 -160 -19 171 -199 234 79 142 190 111 224 20 -23 -165 -24 132 -232 143 -116 249 189 213 39 -186 -188 -206 108 164 15 -47 70 62 -212 -190 -129 -147 -25 -169 82 -244 -54 241 242 -34 69 49 23 27 139 236 -31 -184 138 106 60 131 107 -44 -48 141 -198 147 -46 -68 22 -219 165 -209 -189 -67 26 37 -146 -99 28 -178 232 57 76 199 121 -249 -137 -64 -122 86 124 65 240 85 87 -72 -242 -3 167 -58 -75 182 -167 -28 -181 54 -56 161 -237 -91 -136 88 56 90 -124 153 89 -126 -38 218 -134 -65 -39 -90 -185 -201 -156 185 226 -155 -127 -71 162 160 222 -135 -62 67 136 -143 -229 163 -52 19 173 221 73 -50 -7 14 -228 205 -216 -96 -85 -174 247 -243 -57 -145 133 -9 -208 66 -171 -113 154 -105 -182 -12 33 -246 -215 91 41 244 239 -53 -132 128 175 -194 -218 -238 105 -225 -42 -187 11 -140 227 -36 119 -222 186 203 231 -159 102 42 55 -175 151 -195 1 229 169 172 -79 -15 -51 103 -179 243 -13 -70 5 114 -211 -231 245 -149 80 84 -234 -164 -203 -35 -55 146 122 -17 50 -224 -98 125 230 140 -128 -214 -157 -37 155 -158 -151 -103 193 
TEST 24 ARG:208 -112 -147 195 169 137 -89 12 -124 49 204 135 -41 140 230 74 -11 -146 163 218 98 -214 8 33 103 185 -100 5 211 -46 89 145 -182 -43 237 -188 228 21 -60 -235 183 36 -49 51 -68 159 -113 -70 162 100 -59 157 11 -171 160 -158 127 -164 -210 -236 236 203 29 172 42 164 45 -36 41 -126 -101 -209 18 64 1 125 -28 -98 58 -39 -85 -109 93 233 241 -54 -172 -143 -7 184 205 -148 -229 30 -16 118 168 147 -247 9 -216 87 -149 136 -64 -167 -81 126 -93 63 -114 -120 167 -231 70 -99 -128 25 -116 -69 -206 -159 -169 192 52 -199 -84 181 114 -79 -250 199 80 4 209 -190 83 -150 190 -238 -220 78 -102 -57 -240 88 217 239 -211 176 -186 -35 221 -133 -71 117 -18 20 50 247 75 17 -232 -132 -31 154 -230 -67 24 238 -221 -62 -13 -122 -180 48 94 -161 40 124 -103 -228 -32 -185 -136 187 77 158 229 138 23 -65 97 28 171 219 -192 -105 144 105 -73 -226 68 -198 -118 59 53 -108 -152 149 -44 244 188 -196 224 -27 123 -163 -217 -37 -151 -237 -205 71 19 132 129 37 106 -5 -249 -242 60 -22 201 191 -29 61 182 115 142 96 -104 170 -153 14 72 -42 110 177 -74 128 -194 -223 -212 243 -14 66 104 212 -170 -90 67 -183 -222 -137 -131 120 -203 -187 -165 113 -25 174 -179 -45 220 -219 -20 -51 198 -87 150 3 122 -142 -233 -184 -157 -115 62 161 165 38 56 -38 -95 -117 -160 -55 -156 130 -1 -72 -110 194 -4 34 -15 -227 -66 210 134 32 92 -9 156 189 -61 -135 153 -19 99 0 -8 101 65 216 -119 -3 109 186 -245 -24 -91 46 -94 -141 -26 215 -193 -189 -200 -201 79 -248 -225 -144 6 -10 248 85 -191 -33 -197 15 -241 179 102 -80 -129 -34 -195 39 -213 -96 -21 73 -47 13 -30 -208 -78 175 -58 231 31 -40 -97 -127 -76 -130 82 -17 246 76 -83 139 213 -176 107 -63 -140 -134 2 91 -77 226 -106 43 27 -139 108 -181 173 -215 -173 -125 -243 81 225 -82 -175 -6 -168 -56 22 -48 111 -107 148 -244 -52 -23 -178 -204 90 -50 119 55 223 232 54 245 112 35 -154 -145 207 178 7 121 86 26 -121 -53 10 180 -234 -239 151 146 133 95 116 249 222 -88 -111 -174 -166 166 -224 -177 -246 57 197 16 -123 202 44 196 -92 242 131 141 -86 -207 193 -218 235 -155 -138 -2 69 200 152 -75 -162 -12 84 155 206 234 227 -202 47 240 214 143 
TEST 25 ARG:-196 -135 -86 26 247 -69 -140 -83 91 82 8 168 -157 -81 143 37 16 -21 123 200 -26 -155 152 164 -215 226 192 -92 126 115 -101 -16 -104 125 -249 92 -245 -55 58 -136 -227 -187 -4 -20 213 -78 -85 93 1 -38 -6 236 80 176 -192 -137 -134 -165 20 25 -48 196 77 -164 -144 -170 -198 -163 51 147 224 230 88 208 -115 -162 194 63 -57 -132 60 -44 -51 -195 24 183 220 189 186 -242 106 -211 -88 -189 187 -102 113 100 193 -241 203 -126 69 -91 -183 -108 -181 -193 151 195 -13 215 -124 138 175 104 -10 122 131 246 41 -103 29 21 -207 -206 205 -61 139 54 56 241 210 -217 -145 -138 78 7 -31 166 75 -7 49 -214 134 45 -148 211 159 -77 -237 190 149 171 -226 245 17 233 124 -42 174 -54 -15 -5 212 -73 96 249 22 -156 248 -28 -47 -133 219 -34 121 199 -23 -17 -50 -151 -208 -209 9 -46 23 -236 -221 -111 -8 120 -109 -147 31 207 -150 -41 -120 66 -178 165 36 57 95 -218 206 -177 -63 30 67 -176 214 180 -94 141 237 -53 204 145 -110 150 -222 84 52 -229 -154 2 -100 144 85 -59 -119 -25 161 5 0 35 -87 90 110 243 -90 -97 -24 -96 -64 173 163 32 -112 53 61 -213 11 103 107 201 -142 -70 182 4 156 -2 71 119 44 160 188 -171 239 -27 -79 -84 -12 185 170 -146 -3 -105 135 42 167 -128 -201 -18 -65 -93 -174 -219 -188 18 105 14 -71 3 -72 181 -169 65 142 -228 117 -99 89 221 128 -233 101 76 137 -200 111 -62 15 209 -19 227 79 -113 234 148 127 -36 94 48 6 -89 -117 -210 98 -32 136 184 -203 -179 223 153 -22 12 109 -216 -182 -58 155 -9 -234 -29 216 64 -186 -246 -159 -197 73 -184 -82 -149 235 -225 33 146 116 55 -173 129 10 -161 -185 -68 68 140 -80 -1 -35 -122 -66 118 -95 -190 240 133 -204 -49 59 -33 50 154 -118 -127 -230 -123 198 157 72 40 -125 -168 -76 202 238 197 -116 218 169 -107 -172 47 -240 13 -67 -114 -243 70 -121 -52 74 178 81 87 244 -158 242 -250 43 114 -40 -223 -231 34 -180 130 177 -220 -106 132 162 -37 -194 -191 229 -244 217 -199 -239 86 172 225 222 46 -129 -202 228 -166 -238 -75 62 112 -139 38 231 158 39 -141 232 -98 -232 -130 -212 83 -45 -224 19 28 99 97 -143 -39 -153 -160 -205 -14 -11 -247 -235 -60 -56 -74 179 191 -248 102 -167 108 -175 -30 -43 -131 -152 27 
TEST 26 ARG:-236 -147 -72 -81 -91 9 -180 4 -212 -148 -176 -64 -213 -3 -77 206 -241 -9 118 -11 -210 170 -173 -79 -122 80 -128 -76 105 8 -66 48 66 -229 -145 223 134 -33 171 106 -45 61 79 240 -221 52 -32 -8 -121 -17 -1 -157 11 239 -65 -141 6 -23 -249 81 112 -34 -46 21 85 230 -208 -190 -68 45 226 140 -39 153 -154 199 -209 164 141 -16 57 59 -78 -202 -181 -94 2 75 84 127 242 93 -12 -82 151 -37 -175 -244 -10 205 -61 -217 219 -172 -203 -28 -71 -195 -74 121 -219 228 180 -165 19 162 -86 -204 -14 -53 54 63 -151 135 101 76 -7 -146 -83 216 182 137 -193 122 -55 235 -125 -166 -168 -40 -21 -233 46 -137 -224 -232 -133 104 -184 -225 0 184 236 245 237 -99 1 18 138 -48 -205 43 225 107 -112 -90 -227 15 -187 -171 -206 -167 150 186 -152 -242 -25 -95 -200 64 155 -214 -47 96 -223 -88 82 177 156 176 27 227 165 110 103 108 179 143 -31 -98 133 32 -15 -234 -162 71 -188 145 -218 67 200 -101 -220 -116 39 -103 -124 197 -235 100 102 241 166 -97 -138 152 232 -182 62 231 -105 147 31 248 -250 161 49 -102 -60 -70 -114 187 -42 -49 130 89 113 95 -178 10 126 -240 78 5 -123 218 131 -222 16 33 -160 -169 -38 47 -13 26 -174 51 -30 148 42 24 201 202 211 119 30 86 50 -142 83 -80 158 -156 -134 246 -191 214 -6 -230 212 -201 -194 -155 -207 -58 77 88 229 -63 14 204 172 163 154 243 97 -4 -35 -62 -85 173 233 194 -247 -161 136 -108 13 -75 146 139 193 183 -107 195 -196 68 69 175 249 -26 34 -104 120 221 129 -226 -115 -153 20 207 -57 -56 -84 -87 -215 168 -127 -139 -120 72 -192 99 -44 -130 -129 -246 -69 -239 196 247 -29 -163 114 -158 203 -164 -159 73 92 -92 189 -113 -118 209 38 132 -186 74 123 -150 213 -111 -132 17 -237 -93 157 -67 198 -109 -136 7 124 25 117 116 111 210 28 98 185 94 12 36 224 169 190 125 -135 -216 109 -119 -89 22 -248 -96 -185 -143 -197 -238 191 -41 174 90 178 -20 -211 -243 -177 115 -198 91 -228 -110 142 -19 35 37 -245 167 29 208 58 41 149 -100 -140 65 -36 40 -54 -43 70 217 160 3 244 -179 -5 181 53 -24 -231 -52 -22 44 -189 -73 -27 188 220 222 56 128 144 -199 -117 -18 -106 234 -131 -51 159 -144 -2 -170 60 238 -126 192 -183 55 -50 -59 215 23 -149 87 
TEST 27 ARG:158 194 -184 -125 -38 50 -92 159 -106 248 -232 -209 -243 120 109 -109 -97 243 -134 111 101 -83 -68 33 -85 24 18 215 90 -20 -76 140 185 183 -2 227 -82 154 97 249 -186 -95 -13 103 26 78 188 149 144 186 181 -160 -104 -70 -217 105 -154 208 -51 205 2 -114 228 -250 -150 -223 19 -67 -44 107 -221 221 -29 -176 35 56 -219 94 -197 145 160 -148 80 114 -151 -140 37 41 55 -157 73 -128 27 -142 -34 -66 60 -230 -57 95 100 -63 -213 -187 -215 112 -90 72 122 198 224 29 247 -123 -242 -41 -220 -245 -214 -181 75 133 65 -98 81 239 190 172 -211 -89 21 -17 -103 -188 173 -40 4 44 99 17 0 -87 201 16 148 67 226 -108 28 92 -4 217 225 187 -240 236 235 -6 84 -50 -141 74 150 116 -113 -224 135 -30 -96 -94 12 -79 -207 -191 -168 137 -37 58 204 -163 123 -47 -145 -135 -202 25 189 177 218 -203 87 -222 163 143 233 203 -218 -172 -53 -132 23 -248 -162 130 220 52 241 42 -61 118 -149 138 -117 -25 132 -21 83 106 32 216 20 9 -239 -9 -111 34 -236 -216 70 174 -46 54 -146 -210 134 -127 -161 -62 131 161 -147 -195 22 39 153 -119 51 -93 -91 -88 -72 124 -115 110 30 8 -189 115 199 -139 68 192 62 5 117 -133 -137 -71 -56 -75 207 -36 175 -144 -174 -194 13 244 197 63 -238 86 -198 -86 49 -121 155 -156 -78 169 -247 -249 213 59 -153 -138 -10 -178 69 -64 40 -65 1 -81 -206 119 -31 -235 -26 139 98 -27 -102 230 -54 -107 -105 113 -99 -212 76 -22 -177 -229 -165 232 -42 -7 -228 206 -35 242 171 89 -227 -170 -205 127 43 196 234 -166 -55 -241 156 125 3 -58 -204 121 136 -234 77 -152 -167 -73 -199 -175 -33 -1 -124 108 -122 128 129 -8 -18 -101 -155 223 168 6 -11 61 -233 222 31 79 -231 -3 -171 36 176 45 195 104 -43 57 53 66 -169 231 238 -201 38 15 202 -182 47 91 96 -19 219 -190 -118 -192 147 -52 167 152 -244 64 -24 -193 126 10 82 151 245 -32 157 162 14 -100 246 -60 -173 -246 -74 -84 -120 -126 85 -110 -136 191 -23 -15 71 -80 -185 11 -226 200 46 170 93 -45 -49 142 -39 -237 214 -28 211 184 -77 -5 209 -12 178 141 -200 -129 -112 -179 7 229 164 -158 -225 -180 -130 166 212 -196 -208 48 -164 182 -59 -159 -69 88 146 -16 -131 237 240 -143 -116 -14 180 -48 179 -183 165 193 210 102 
TEST 28 ARG:183 219 181 222 -249 80 -159 -238 -239 234 227 19 158 149 62 -47 -29 152 -67 -250 -80 -157 -61 156 150 -33 142 95 -94 -164 -86 209 -57 34 88 65 100 -232 46 -234 4 -45 -137 146 -195 58 -8 140 108 -235 -7 -123 167 -128 -60 -134 16 114 -201 177 -5 -12 -125 173 182 -117 -223 -84 -43 -112 -115 -78 244 -49 -129 -96 237 21 -209 91 137 -41 145 43 200 -102 112 135 213 125 -231 55 -162 192 -246 242 -90 -149 71 -55 -173 -30 -34 203 -200 208 -214 -179 -199 -150 -51 -71 228 10 121 25 175 -111 -104 -247 6 23 229 -227 -176 -172 98 -218 -59 162 -229 78 198 56 -160 153 3 66 -240 -248 53 -190 247 171 -103 178 132 -121 180 -48 -3 122 170 -18 -50 51 187 130 -85 199 8 -242 -77 -15 138 218 -36 38 195 24 -66 109 33 48 76 93 -10 -24 172 -79 59 147 -108 94 166 127 -92 72 7 236 136 82 191 9 -100 -52 -133 70 39 196 -147 194 40 68 246 81 -56 -230 -131 22 -120 105 -31 110 -19 129 165 35 45 -204 179 90 -72 205 57 -154 41 201 224 -144 -192 -202 226 -142 -119 -203 241 -1 174 220 111 -146 -188 -213 -25 202 157 29 -37 -140 -197 -177 117 -16 -244 14 164 -116 -183 -185 -186 61 212 -175 -75 -152 -122 77 5 11 -187 -27 -105 26 119 13 -139 -148 113 -14 144 139 64 -88 50 134 -64 92 -243 168 107 54 -124 -171 248 -182 239 -126 -17 -23 204 159 -207 74 -241 118 238 -101 -205 101 188 -211 -216 190 -198 176 2 18 216 -76 -161 -180 31 -194 154 -151 143 151 133 -6 124 210 221 -87 96 -168 232 102 -74 -196 -166 -165 -11 155 163 169 32 148 67 12 -233 -174 240 -28 197 -156 -68 99 87 207 -158 230 -63 60 86 -22 -135 -206 -89 -70 -170 -136 -110 17 -221 -65 211 -132 225 -208 -83 15 126 -184 -215 141 -20 -153 -13 -138 217 -217 -193 -97 27 120 -127 128 -46 -237 -224 -53 49 -167 235 -95 -245 -40 -62 69 243 -212 -44 -32 160 -145 -107 -106 -181 -35 44 115 1 189 -225 -163 73 -73 -109 -54 186 83 -118 -113 103 47 -178 -4 -58 231 193 -236 28 -228 185 -39 104 215 206 89 -155 -91 -26 37 184 52 -169 -82 116 106 131 123 -141 -38 -130 -219 63 -81 -114 97 20 0 -2 -191 79 -143 -69 -9 85 -220 -99 -42 -210 75 84 -189 -21 30 249 -93 245 214 161 36 223 -98 233 -222 -226 42 
TEST 29 ARG:-26 -54 187 -237 -64 -247 176 -188 77 208 -142 83 180 -8 -177 178 -250 153 135 -219 32 196 -195 -216 212 48 -32 16 -191 1 24 58 -135 -124 248 34 129 -144 159 -171 160 -43 -45 200 31 -111 -192 -208 -48 241 123 -118 -211 191 -109 167 -199 229 210 60 -129 86 46 44 -235 179 227 75 112 149 9 94 -117 -42 -209 232 128 110 -207 59 207 -232 -202 -248 174 42 116 -53 -127 100 19 163 -11 -149 -231 29 146 -103 -206 73 -61 -139 -193 -5 162 52 -180 -90 203 -67 120 93 2 -93 121 14 55 41 54 109 -116 49 -154 223 -39 -2 108 65 -212 -159 -148 140 119 -132 -162 182 102 -158 88 -22 -104 228 -105 -76 198 -31 -223 234 -101 -151 -92 219 -156 -234 70 -176 183 -40 244 222 150 68 -236 190 -119 51 -153 -150 249 66 157 -155 -37 -182 -146 101 12 -65 239 -27 81 -140 11 -71 -110 -136 -49 69 -123 -25 -20 -16 -190 -29 -157 71 115 -138 131 -205 -217 26 57 118 186 -112 236 -88 168 -141 18 189 -230 -228 225 104 -134 156 -114 -50 -244 -187 -189 213 -83 226 -196 -86 139 27 247 126 -56 -238 177 15 -15 -34 -85 -98 -198 -200 85 -70 -167 231 64 171 143 -168 -75 199 84 -108 53 142 78 107 -99 79 10 175 221 -72 -41 -178 45 7 -58 95 -14 -38 151 164 117 218 62 -194 40 -89 235 220 43 72 -174 25 224 -161 134 105 -245 -51 -36 -3 -77 193 98 -106 -183 -52 -30 243 -6 -46 91 233 240 0 80 -179 137 -73 113 23 -222 -165 -173 82 90 37 -226 -60 -1 130 -12 21 -243 111 -120 -215 -203 214 -172 148 -17 47 -131 8 124 56 96 6 -184 155 -246 -121 197 -55 -218 -21 -164 -84 170 209 -128 -18 92 201 -242 132 -63 22 -186 39 173 -152 230 -143 -94 5 61 185 -44 -102 -9 172 -35 114 -170 76 28 206 97 133 -147 122 158 147 192 -224 -57 -229 -249 -227 -97 -28 -82 -175 -59 -74 67 138 99 13 74 144 161 -220 -115 125 -113 -23 -160 -169 -214 -225 -197 -130 -79 -96 35 -10 -69 -240 165 -126 211 89 217 202 -213 87 -62 3 245 4 238 -81 -68 63 -100 195 -145 -201 103 -47 -210 -19 -166 -66 169 -80 141 -13 -87 152 -181 204 33 154 205 -241 -133 145 -7 106 181 237 -239 30 -95 136 -233 -122 -137 188 -24 -107 184 215 -204 -163 36 -78 -221 194 20 246 -91 -185 38 -125 166 -33 242 127 17 50 216 -4 
TEST 30 ARG:-158 -174 -191 -126 -167 -13 120 37 226 -96 163 74 235 -74 -243 27 -63 103 -248 99 97 135 216 -217 -21 -108 -175 180 -61 -124 -54 32 -246 94 -146 84 -198 -7 105 -151 -100 -145 238 -95 144 159 164 229 -197 -150 -116 -188 39 15 219 -212 -104 -18 -199 221 209 239 134 230 58 133 -70 211 -93 56 -136 -184 104 167 138 -15 -83 -213 -20 129 199 -106 -235 92 154 -14 -11 232 -127 161 196 11 -234 50 -5 -206 241 -55 -148 -53 175 213 114 -130 -105 243 227 -110 -140 -26 64 -98 126 -238 26 191 -220 -32 -76 -30 41 -170 -139 108 59 -233 237 -180 24 -78 -42 231 -50 -208 -119 -94 -173 -107 -52 83 2 -149 -48 -201 -109 -183 -133 200 236 -39 -225 -194 192 -122 -181 158 184 -69 14 118 187 210 -214 142 93 -218 70 197 168 -240 222 -239 155 170 148 -3 -62 -147 141 212 -210 -118 -111 -216 23 16 -131 128 57 195 -25 -221 -222 -190 -28 -97 98 0 174 68 -166 -12 71 -22 -186 -102 -155 -209 -250 -113 152 247 205 176 -215 162 -57 54 -71 -89 165 -230 190 -117 -27 112 177 -101 -164 66 202 151 -85 119 -176 -179 -92 -187 116 -46 -65 -231 130 240 69 76 55 90 7 140 -10 43 -123 21 80 -242 -135 146 73 -1 225 234 171 137 -227 136 49 -178 89 3 95 10 -189 -87 139 127 -228 82 -226 132 153 223 88 179 -245 -9 -68 -143 102 -47 -86 -75 -77 87 242 215 -200 8 224 143 78 121 -45 29 -112 122 79 72 5 77 -157 -211 -236 -36 -73 113 40 160 -121 53 -196 -163 117 -29 -202 -103 157 -171 109 28 -56 107 228 -154 106 -132 244 -44 19 -31 -43 -156 45 48 149 81 -66 12 -141 31 100 -34 166 194 -67 75 248 -120 -24 101 30 -241 -80 182 86 -232 -244 -37 -204 -249 -38 -153 124 38 -51 -40 67 -8 -41 150 131 -88 22 63 249 -33 -159 -49 -90 188 -205 51 4 115 -137 -193 61 -168 6 -224 -165 217 214 -195 -172 198 -129 218 245 -182 -82 -177 125 -207 -60 -64 -2 201 -192 -185 204 20 -247 185 46 207 -125 -144 169 -91 -152 47 62 96 -84 17 173 -229 -161 44 186 65 34 110 1 52 147 33 -203 189 35 18 42 -162 220 208 246 -79 156 -99 -6 206 -128 9 -72 193 -115 123 -142 60 -134 -59 -138 25 183 36 145 -58 -114 172 -219 -35 -16 -4 -237 203 233 -223 -81 181 -19 178 -169 -23 13 85 -17 91 -160 111 
TEST 31 ARG:-126 -77 -161 154 -250 -75 -214 -148 -221 19 121 162 2 0 -10 172 -152 167 -24 -61 -162 229 184 -48 91 -191 -203 -220 102 -69 -226 76 166 -187 -1 -86 177 201 200 115 4 32 88 15 -81 -92 -249 -23 171 109 -211 -132 -193 188 -165 80 -4 -175 -141 -232 -6 194 61 248 68 -107 -181 192 -189 94 -224 161 164 85 8 -43 203 -192 232 -227 -169 -156 153 190 244 216 82 89 -32 237 -29 -179 -135 191 131 -25 110 169 -124 156 247 -123 140 7 54 -146 3 130 -88 189 141 -158 128 -40 93 -96 147 138 149 -170 -167 -55 -207 -113 -16 33 65 -138 59 -27 -58 -131 246 -208 -144 -234 14 -116 225 -59 63 -159 186 176 224 -34 31 -240 157 -72 -245 53 233 155 -100 -225 -17 24 -137 -176 -94 5 -12 137 241 -160 -36 182 180 104 -127 -145 16 -68 67 -185 96 143 108 210 133 -164 75 -228 -139 -80 -89 -243 -83 90 -37 84 1 124 -9 -136 64 -142 78 -108 142 -188 219 -76 -230 -2 -128 136 -20 18 11 -73 -157 -218 -63 185 -66 209 -104 46 12 144 -172 -122 -64 -97 152 -60 -106 227 -14 226 -247 -101 -222 10 -46 -216 127 -54 -140 -197 -15 197 37 242 -30 -177 129 -5 -62 234 204 101 -153 72 -111 -35 228 17 55 57 51 -38 205 -45 23 163 -166 69 -110 181 196 -244 13 -201 132 -31 42 -99 198 -217 -95 39 20 -195 231 120 -238 -7 183 86 236 58 122 -49 -57 -231 27 -183 95 48 26 158 -41 -125 212 -246 43 25 -199 -120 50 -147 -105 222 40 113 -198 -213 -19 -202 -154 159 -171 -26 125 245 240 -239 21 29 -151 97 -212 135 -52 249 -134 87 -109 -119 77 -133 220 -204 -87 -196 218 145 -21 217 -3 199 111 -93 221 -51 -90 123 56 207 -229 49 -168 235 134 36 -130 98 44 34 238 -42 150 -118 60 -117 -112 179 -28 45 -71 223 -206 6 126 -149 -70 -215 -102 -174 -209 -103 151 -219 47 -114 168 -22 195 -205 -182 -8 -173 243 -186 -200 -13 -180 178 -18 -91 -78 73 -236 -79 -242 -248 -65 81 -210 -84 30 175 100 -11 -241 -129 107 112 103 -237 79 -233 215 92 -235 116 117 -74 106 139 -115 -184 165 -85 -44 28 38 62 -150 105 35 214 160 -98 148 206 -67 -121 230 -56 -82 187 83 66 202 -163 170 239 52 99 74 70 213 118 -190 41 9 174 -143 173 211 -47 71 208 -223 22 -194 193 -39 -178 -33 114 119 -155 -53 146 -50 
TEST 32 ARG:98 -174 -210 -92 -127 -71 -70 -142 -52 69 108 206 -167 231 -110 64 91 143 -184 186 -19 -119 -16 -154 176 229 -27 -173 174 99 -183 -200 53 -12 139 20 -42 -132 -50 -201 140 -67 242 141 7 -5 -20 100 21 13 -30 -107 -7 122 -224 191 -196 55 -72 -189 8 145 150 -241 -94 -193 77 67 121 -240 29 -66 -83 -223 149 130 95 -102 208 -96 -235 -18 -190 46 33 -128 155 97 236 -136 -138 -133 73 -194 -238 -226 102 -145 -178 159 -59 86 -36 -122 -141 165 -125 84 -10 157 -126 -250 131 196 104 -109 -24 -215 -234 -169 -121 -140 235 -214 -202 -43 162 -15 5 221 168 -89 190 -46 -98 -55 137 -165 -199 -239 -63 -149 119 -233 135 31 43 166 160 167 -245 -152 90 -155 -84 78 189 -187 238 -40 -230 217 62 -103 52 111 -246 -34 -225 -86 -219 0 -47 239 112 227 -31 -147 136 -77 -53 207 -49 -79 -186 -216 80 -106 71 -130 -101 -198 25 -153 151 213 -81 -211 15 -35 203 -162 -13 146 -217 -95 -182 1 182 210 193 -105 214 -188 225 -61 175 -150 164 92 184 -56 202 158 -242 232 -160 -78 222 -33 -176 201 65 75 4 76 88 212 219 -39 -222 115 127 32 -25 60 -64 -114 -218 -85 39 37 -212 185 205 59 192 -192 215 -172 -97 -65 74 34 -244 240 45 -181 178 247 -115 -51 200 180 63 -208 -87 94 147 -191 118 -236 -1 -4 216 19 48 -171 -118 24 -143 209 198 79 96 -227 243 237 -113 81 -23 126 123 -247 220 -229 -6 134 -168 47 82 35 -100 187 226 -175 14 204 124 17 177 101 26 -11 -8 44 -131 -58 195 -228 16 -123 49 -37 66 23 248 249 117 233 148 161 -232 -158 -74 6 68 -124 120 194 224 -108 241 -161 83 -156 -104 199 173 109 144 -185 -177 230 89 56 11 40 18 244 10 58 -209 218 -163 28 -204 -180 -151 2 128 41 36 61 169 -76 -170 133 -45 -164 -73 -137 -205 -144 -3 57 -120 -21 -237 142 -2 -157 172 -166 153 -38 38 234 -82 -69 245 -9 87 85 -44 -117 42 93 -148 70 -93 -32 152 -116 -179 246 -41 -213 -60 116 107 -80 -68 -91 -139 -28 -135 -197 188 50 -90 170 22 -22 -243 3 -26 -159 54 181 211 129 -29 -111 114 -231 -220 -129 179 -134 154 -14 72 -75 223 138 103 -206 -248 197 171 105 -146 228 163 -99 51 -88 9 -249 125 183 -48 -112 -62 -221 110 30 -195 -207 156 106 -17 132 12 -57 -54 27 113 -203 
TEST 33 ARG:192 -5 158 -142 -201 175 225 157 168 233 -15 85 78 -245 215 151 -159 -103 -133 195 -163 237 -70 -31 172 228 234 32 -86 -98 -119 94 -93 -58 -188 244 -6 110 -160 80 -246 214 -71 107 29 187 -14 185 -32 -37 199 -35 -123 -215 -156 -96 -181 -241 -53 212 -121 138 -192 125 132 140 178 -3 -132 -148 210 -2 10 54 141 -229 -150 48 -109 -88 -199 -170 -233 -169 -52 147 47 66 103 -178 -1 -94 92 -190 -125 -167 152 4 -152 249 21 115 23 45 -242 30 -208 -62 -115 -74 14 241 -143 -43 69 -131 90 27 160 205 -66 -140 -110 -222 -184 -227 36 146 -128 -77 183 162 60 224 -85 -175 -180 184 109 159 -223 -194 248 190 -129 -176 86 0 84 239 222 247 128 -202 130 -250 -90 -182 238 -7 12 -166 -238 -249 -230 -79 -217 108 -64 216 37 -29 -9 -158 76 -198 -136 246 95 209 -63 -50 229 96 145 -225 191 121 81 -189 213 -231 -46 -76 -61 -80 126 104 77 177 179 198 -11 -145 22 -168 63 -69 207 182 163 186 -213 18 -134 -23 223 -34 -243 -56 -195 166 -91 -137 -127 230 135 218 154 83 -116 -68 -82 74 -105 -27 -220 43 -108 -218 120 226 -239 -60 231 -197 7 -16 -237 -139 116 173 -226 221 243 6 197 153 89 -206 232 -147 -39 99 127 219 75 -12 -162 144 208 -33 38 235 -164 41 217 17 26 150 -126 149 -207 118 58 165 -183 34 -75 -118 1 100 -21 -78 -20 -97 -24 82 -49 98 180 -117 -165 227 -4 -172 -214 -149 240 201 -36 -22 68 161 -13 -101 137 176 -83 206 167 204 -92 196 -196 -236 112 102 106 -73 -209 -47 -204 -48 129 134 39 136 169 -102 -235 -173 79 13 91 123 174 -171 -25 164 -154 -130 211 236 -18 59 8 170 -228 65 -153 -112 57 72 143 -216 -141 -81 113 -240 40 49 -234 -138 -232 -146 -185 46 -106 -100 156 52 -174 220 193 -177 -26 111 -191 -151 142 56 87 -212 31 -89 -200 -124 203 28 -161 -211 64 -205 -104 -65 -219 -72 -42 200 -99 70 133 148 55 -10 124 33 -186 202 25 189 -210 3 122 171 -135 117 97 101 19 11 -224 -28 194 -30 -244 -41 188 131 -17 -95 71 -84 -19 88 53 -122 181 67 -187 51 2 245 242 -57 20 -193 50 5 -157 44 9 -179 -59 -67 155 139 105 -40 42 119 -203 -8 -87 62 -221 -113 93 -45 -144 -111 -248 35 -51 -107 -54 114 -55 16 -120 61 -38 15 -155 73 -44 -114 -247 24 
TEST 34 ARG:-69 227 -175 -213 -5 -79 -200 129 243 -218 214 -53 169 9 -49 20 -119 23 25 204 208 168 -169 -67 -121 230 -135 -37 22 17 -108 104 76 86 187 -70 -87 100 183 -28 162 31 -217 141 -149 240 -98 -130 -1 99 155 -13 89 -3 205 -191 123 -31 28 102 165 -231 -206 -36 -223 37 -100 -236 -143 138 -126 -230 -10 -246 59 -245 -114 78 116 83 -55 -80 -16 -165 77 -66 48 -196 79 61 185 -156 222 -136 -64 8 244 -160 -243 98 -232 -35 13 149 -91 58 82 -139 3 -24 126 -118 60 133 215 -47 206 154 -172 -111 -82 -205 -109 146 -71 7 -219 -176 -27 234 64 95 170 246 -189 -241 127 225 -86 241 63 11 245 -20 242 15 -154 -26 -157 -43 182 -17 -101 14 73 -162 -15 238 -40 41 163 229 -34 -249 210 -244 -62 249 57 -199 194 -166 121 119 -18 -247 -167 -182 130 220 200 157 117 120 -147 -198 -185 166 -32 178 156 148 33 219 71 94 -171 140 217 5 45 131 -144 -59 191 2 199 109 -177 42 -233 -81 43 216 -204 -201 -195 -203 -215 171 -88 -184 -146 21 -7 -76 -220 128 233 -127 -125 -90 -193 -84 51 211 134 -11 -229 32 36 -192 235 -170 -208 19 -38 49 -164 114 -21 -138 192 39 -73 88 93 -89 40 139 -159 -124 -129 -188 -225 -212 167 -103 -155 -42 -77 -117 195 -248 174 -33 -150 -123 -222 -93 62 160 144 247 91 -92 -61 172 203 -152 196 150 177 -120 56 69 44 -72 -242 52 -95 -96 -197 -63 -163 54 65 106 -173 147 189 135 236 -8 -4 -113 -56 46 -148 -214 24 184 -133 4 -183 -83 207 -131 87 70 108 -57 248 -153 -190 -151 -158 228 153 118 -75 122 -235 -178 -239 -45 -132 -238 -180 -194 173 -2 81 132 -39 226 -85 197 -44 -54 181 101 10 -9 -187 -250 55 115 -48 -209 -99 -97 -228 -106 179 1 16 -104 -14 -227 111 -216 -128 -202 -25 -50 0 75 -68 239 212 186 -51 68 -134 -78 -19 112 -145 53 -6 231 -12 202 -210 201 218 96 124 -46 175 -237 -179 -181 -224 152 223 -115 151 -94 18 80 -52 -221 113 27 103 -174 -107 -207 221 -142 176 -22 -41 72 -65 161 -122 34 198 -60 26 12 66 -23 105 142 -186 6 -58 136 67 97 -168 50 84 213 -29 29 -226 -105 47 -116 74 -102 190 -112 -211 -234 209 -137 -161 107 224 30 92 188 180 158 -110 -74 -30 159 35 193 232 164 110 237 90 -240 85 143 145 125 -140 38 137 -141 
TEST 35 ARG:-20 231 -231 -63 113 -144 172 -230 -57 -173 -225 133 -125 -176 198 188 -102 105 223 -114 -112 -42 117 93 79 185 95 40 169 -96 -116 -182 38 -247 -66 -211 62 -132 -133 -200 -24 -27 -77 3 -92 -143 222 -138 69 -45 -75 -74 -87 55 224 -31 36 -48 162 -108 118 116 176 -226 -139 -124 25 73 53 -68 45 -152 161 181 -101 174 89 100 -224 -65 -103 192 -53 -234 247 -36 -69 60 -192 -207 130 228 -232 -58 219 10 108 -15 168 -5 -10 -172 85 64 86 202 -249 -238 238 -165 -21 -218 180 81 41 2 248 186 16 56 90 13 -131 -98 -220 65 -219 -237 -29 -18 -89 -167 32 -67 233 184 -209 1 -88 -162 229 154 217 59 -186 -85 -208 -90 -221 -28 42 -62 123 -71 7 225 -70 5 -79 -49 -6 -34 54 -104 -115 -107 232 -195 43 109 138 96 -109 -194 63 121 -14 -227 -47 -60 83 -185 -246 -187 190 -54 -229 -126 -158 -181 201 126 -50 -43 152 -244 145 -86 128 150 39 58 -22 4 87 -214 -223 -52 94 148 -93 239 48 -122 -127 31 194 -239 -171 44 92 52 50 80 144 15 -72 -193 -111 -177 -40 84 171 -11 159 -7 -142 78 -134 220 23 140 -121 221 -8 -198 82 -84 -13 127 97 98 135 205 -44 175 165 9 -149 240 212 234 -155 -41 102 -130 -39 -33 -203 241 166 -201 -233 -9 72 136 226 -105 -145 187 -120 77 213 206 158 -30 191 -137 11 -119 196 37 -128 -189 68 -118 -243 91 -1 88 193 -59 151 -117 103 114 -80 139 -151 163 -222 -196 -166 143 -160 -178 210 -110 -180 242 129 17 -2 207 141 -169 -136 199 -19 -188 74 -159 51 27 211 -26 8 -76 203 -99 236 125 -174 120 195 209 156 -123 155 157 -190 -206 131 57 -100 -3 160 -81 -215 -97 -73 189 20 124 -135 -91 177 -82 28 115 104 -95 -61 227 70 204 -56 244 -146 122 -164 -51 49 147 46 -250 179 -175 24 -183 6 -147 235 -163 22 -202 33 -184 134 12 -32 76 -245 18 110 215 -35 -37 21 -248 -199 -168 237 197 -235 -94 167 182 -55 246 -156 61 -212 214 -106 132 14 -129 146 -210 -154 47 164 178 -170 -78 -16 -4 -205 71 230 19 26 -12 0 119 101 -228 106 112 -191 218 111 249 -240 -236 142 99 153 183 -216 67 -83 -113 -204 173 -141 29 200 75 34 107 -241 -179 -140 -64 137 -242 -161 149 -46 -157 170 216 -148 -197 -38 243 -217 245 35 -17 30 208 -213 66 -25 -23 -150 -153 
TEST 36 ARG:204 -169 23 90 95 -123 -239 164 176 -13 40 197 -151 193 154 -237 200 -11 219 -129 -72 21 -113 65 -81 -216 162 6 -14 89 -4 246 15 185 -242 -159 173 -153 -210 -245 237 38 -2 -66 -207 106 169 -152 -206 239 167 -83 221 202 -167 62 35 88 14 -190 207 -135 -114 -126 -128 249 119 42 54 -102 -65 182 86 -248 41 -115 -156 -95 -185 -5 55 -213 -165 -155 -7 129 -22 -183 -29 39 -229 -187 -118 -87 -64 -133 146 -221 -199 218 -55 135 142 -16 159 -92 -191 -124 -107 123 50 -117 226 -200 139 -8 -36 -222 216 -146 234 102 -184 71 81 63 -193 -82 242 -121 3 192 -90 217 26 -220 244 16 105 114 247 -26 94 127 171 -23 -34 34 12 -31 -227 214 79 101 100 228 163 -100 -160 -80 -67 13 -244 238 -88 109 -243 -198 224 -12 113 209 70 -119 172 59 67 -28 -116 -75 195 -18 -201 138 -235 178 -49 -21 -139 -136 -249 -24 -172 -238 57 -108 92 -47 -196 -143 -174 -42 -99 80 -219 -141 -189 49 -51 223 83 -147 227 143 27 -218 205 96 52 -38 152 230 -212 -32 56 -154 122 -209 233 28 -15 -142 -39 -138 -194 -76 103 210 158 37 44 -56 22 -173 -37 -48 -205 137 236 -103 32 30 -170 -134 -217 -180 -231 245 150 181 -27 191 153 99 189 5 134 -41 -62 -77 -74 149 180 -86 2 -182 -6 -178 -140 -96 -163 -130 -177 -109 231 -3 248 211 -120 -97 25 7 -61 91 87 160 -73 -181 111 161 98 -225 117 196 -104 69 -148 116 53 -57 -234 -44 136 208 177 -33 148 126 157 -52 -188 -214 -98 -1 144 85 75 84 -145 212 -105 9 48 -110 -202 -35 -223 118 115 130 -236 -59 121 141 -215 225 -78 206 -150 -17 -58 -232 -131 -208 72 1 73 -157 184 47 -122 -89 240 -84 243 -176 -101 -50 76 213 -166 45 132 -230 -164 36 104 -30 -175 -195 155 -144 120 -211 -204 222 -168 -63 -91 145 125 170 108 18 -149 128 186 -10 43 -25 -40 -192 77 60 -203 20 131 -250 -43 168 188 97 82 11 31 4 -69 29 -224 112 198 -68 -85 140 78 66 201 68 -20 8 194 -71 235 -162 -127 -54 241 -228 0 -247 -93 19 74 -179 33 151 190 -9 -226 220 61 17 147 -46 -79 10 -111 183 175 -125 -246 -53 -241 110 -94 -161 -60 199 165 203 229 51 156 -186 -137 107 -240 93 58 46 -112 -158 -171 215 -233 -132 -70 174 -197 187 -45 24 124 64 166 232 179 -19 133 -106 
TEST 37 ARG:-30 238 -216 -172 -77 -132 -247 129 217 102 -63 -231 105 -2 -211 -217 -86 -143 -38 -88 -170 -109 -8 -220 -114 164 195 200 -85 156 -106 27 202 63 45 25 -129 -155 -16 -174 -13 -123 -82 233 98 -171 197 -93 78 131 -124 -105 241 174 -215 -223 2 -126 -209 -163 94 -33 -3 51 -68 -53 -249 236 249 -204 69 -186 -60 -196 114 56 43 -175 -25 -236 135 185 84 203 -142 152 224 -248 -96 -83 -246 -234 99 -194 107 -176 -157 48 40 96 -192 -173 225 -190 172 -233 199 194 -74 -240 151 -137 147 -168 97 -58 112 -133 -226 -6 -207 113 -212 176 70 54 -202 181 -125 -201 115 -228 -81 182 -100 -148 -130 219 119 -73 81 137 -57 60 150 55 163 175 -52 -89 83 -31 -153 -244 -121 245 -27 29 -51 132 124 95 42 -162 -156 -205 198 41 187 235 -208 184 -149 125 11 -36 178 218 -151 116 146 -91 21 -181 232 -238 167 -64 214 -158 215 -203 -131 248 -200 -140 101 239 -161 -54 -224 109 -69 -229 31 13 -4 -23 -118 230 103 100 36 58 -92 24 -213 -110 157 68 161 -210 -24 211 -116 -35 38 -138 -32 159 32 -66 -5 227 141 -10 -135 -128 160 91 142 -152 220 -76 139 237 -21 189 212 -71 90 -177 118 -164 207 92 143 -48 19 228 -61 -28 61 3 64 111 -199 88 -167 -87 -40 201 75 155 89 179 -218 -221 -232 120 -191 30 106 -78 -241 -250 -9 -145 57 213 128 -72 18 -197 86 46 8 145 126 -98 149 243 -108 -59 222 -119 -101 -14 -79 -22 -39 -214 -185 -198 -193 -237 162 -134 196 -141 -45 -122 -47 47 67 -127 15 -42 0 59 173 180 148 28 -245 52 93 -206 -94 -104 -62 226 -180 49 -178 14 206 -146 170 -120 -219 229 22 122 -12 191 -107 -46 171 234 80 -1 -7 1 144 208 -182 -239 -230 -11 -113 66 -26 117 110 10 85 -84 -225 -65 7 -184 6 -43 216 -37 244 73 183 9 -18 -117 -187 186 87 16 17 -90 204 4 -242 -112 231 53 -97 -50 140 -179 74 -243 136 188 -44 26 34 134 37 242 23 71 62 240 82 -19 -159 223 130 -195 76 65 -147 221 12 33 -144 -150 -166 79 -102 -103 -169 -95 72 -154 -188 -55 123 -15 -34 -20 -222 -49 154 153 -56 192 -227 -115 77 -41 -183 138 121 108 -29 -165 39 247 -70 44 205 20 210 190 166 5 177 -111 169 -189 -67 50 165 -139 -235 193 -17 133 127 -136 168 158 -160 246 35 104 209 -80 -99 -75 
TEST 38 ARG:-193 92 -139 -192 -246 22 -58 -42 -13 81 -75 -33 138 39 -233 16 -149 -85 215 1 -144 89 97 159 -145 -107 -5 20 -173 175 80 12 -15 94 -119 79 -19 123 189 -205 -186 29 -177 -155 -158 75 167 204 118 -102 -140 10 -11 -72 -80 242 241 37 102 197 -53 -217 -67 119 90 158 -116 -203 -123 26 -183 -202 203 120 125 -211 -38 45 -167 -206 -121 -28 -44 100 -2 180 -197 -65 -98 21 -223 4 -216 70 58 65 -126 -157 50 96 43 -4 190 152 -36 3 -78 -57 233 -245 -66 82 207 -231 67 48 -162 -61 -83 13 -45 17 -135 28 136 -37 -26 124 191 -212 -172 232 208 108 23 -89 66 -239 -153 76 -46 -151 112 -170 129 -204 -137 172 62 60 183 -232 6 -6 -180 -118 -159 -24 -168 -39 181 -164 46 224 -174 216 185 -103 150 -86 -104 -27 145 -16 122 -154 -152 -230 222 -84 42 -76 -191 35 200 98 134 -127 109 247 84 -243 -136 -148 230 -195 178 -40 160 177 155 234 -248 -220 -224 52 -34 -48 71 -222 33 121 -92 148 156 30 146 -226 -138 34 40 19 143 188 199 184 93 -242 -10 -114 -132 -156 225 244 -184 18 5 -49 -133 227 170 209 -99 248 117 0 192 -190 231 32 -166 -54 104 72 140 165 73 202 49 -250 -221 -115 78 205 24 -229 114 -131 243 -101 213 212 -64 210 -176 219 -124 14 -110 -35 -60 201 -77 -91 -96 -236 -141 206 -93 -70 -238 -150 -50 63 -55 174 218 198 44 -81 -87 -69 8 -249 83 101 2 -161 107 -62 149 -9 31 99 -14 -237 144 137 -165 135 -63 -128 -7 -200 103 161 -29 164 -23 57 -244 -74 -142 -51 -125 7 -108 193 -22 211 91 -163 -129 196 -109 -17 221 -43 -79 -228 157 228 237 -106 -143 -209 -225 187 139 55 151 -215 -181 249 133 85 -171 168 -187 53 171 -100 -117 176 -105 -134 -147 169 -12 -169 -241 220 61 -247 -146 229 -97 74 -218 11 239 226 -179 77 54 -32 -208 217 -185 27 173 -213 -25 -73 238 -120 132 240 88 -71 -52 -68 -235 153 113 115 36 -196 -189 245 -112 141 69 51 -194 15 -188 -20 194 -240 128 110 64 130 147 -95 38 -210 -178 95 235 -198 116 -207 -175 -227 -214 25 179 -94 -160 59 -82 -122 246 41 -47 -18 -199 182 -111 -21 68 9 -201 -182 -90 195 -1 -8 -130 -234 154 236 131 -88 142 -219 -59 87 166 -56 -30 111 214 105 47 127 163 -3 106 56 -113 -41 223 126 162 -31 86 186 
TEST 39 ARG:-10 -225 -33 200 -7 -44 -53 -172 -177 -207 12 -174 175 -76 0 -14 -246 56 60 -157 -189 -57 32 126 -206 207 -176 10 -63 -229 -245 -220 58 22 186 181 182 -79 -108 71 238 -61 -131 129 -13 167 -167 -3 -216 229 85 -110 166 -240 47 174 55 -193 -129 -142 192 94 -74 134 41 90 -22 172 156 -161 -119 -29 170 -62 -147 -148 -81 -93 42 108 209 125 102 -214 -23 57 194 -195 -24 93 82 50 104 219 137 -55 92 77 35 234 -178 213 -247 54 -87 46 140 189 -82 -72 39 48 -78 -158 245 -94 -180 28 -125 -45 -56 45 -159 -9 -136 -171 -227 223 230 -224 -86 -208 18 -17 15 -154 -160 86 -107 155 -237 -242 43 78 141 130 -15 -104 -196 -210 40 -204 -141 89 -112 -102 -95 -37 -132 117 3 154 49 -130 -144 163 -111 -140 249 142 -243 232 242 -67 88 72 116 -36 112 187 144 119 -218 -127 14 -8 204 171 135 241 188 62 -83 221 148 -59 -32 -52 -201 -46 210 99 -35 -5 69 180 27 -96 -97 -212 -65 191 -236 -66 4 79 -91 -149 -16 38 -60 5 73 -54 61 248 198 7 -226 -211 145 75 34 128 -100 -71 -194 136 123 139 101 53 96 19 -250 120 -21 -28 178 -209 29 185 165 -90 110 23 -188 -223 -20 -133 214 -122 -244 -114 9 -48 -173 146 -222 164 131 160 -139 -19 -152 -155 -58 31 -151 -233 -128 37 -187 -50 173 124 138 -27 190 -106 -137 122 81 -191 -249 -84 -200 149 44 -123 -217 -47 36 -135 -31 68 -232 161 95 115 -124 -49 -146 -85 -230 133 -98 97 70 220 159 199 107 -68 -88 -115 -75 -120 83 158 127 202 -203 -116 21 30 80 -213 52 -241 -69 98 -92 151 -145 -103 -205 -34 -73 -89 152 76 -248 121 2 -221 243 111 -117 224 -175 -2 206 -25 -185 25 106 208 26 -109 74 -113 -190 -4 -238 -164 222 -169 8 176 239 118 168 -64 215 195 -197 -153 217 -51 113 -182 227 233 147 -186 16 -156 218 196 91 -143 211 11 225 -18 -134 -235 -43 87 109 157 -150 6 205 -215 -170 -121 177 193 169 -219 1 203 201 20 -1 -234 -40 -179 132 100 183 84 13 51 228 105 -77 -163 -228 143 240 244 -39 -42 -181 246 235 -70 24 162 -105 231 67 114 -239 -183 -162 -12 103 -30 226 -6 66 -166 -231 153 -118 33 -202 -138 184 -184 59 150 -199 237 -165 -101 -168 247 -126 64 63 179 -99 -192 -80 -26 212 -11 216 -38 17 65 -198 197 236 -41 
TEST 40 ARG:202 215 246 -66 129 -140 248 -181 45 112 180 -84 199 102 -200 115 88 106 24 49 98 132 -211 146 -25 92 -157 -72 -168 -232 -147 -184 -145 72 -202 -225 140 -124 -182 110 -150 -188 144 196 -185 189 213 -118 -108 23 -180 39 152 134 -62 66 -245 -240 -227 95 58 -234 29 245 -103 216 184 -174 169 -52 63 -112 222 -2 187 -215 211 -212 247 -137 -199 -228 -31 -164 54 -29 4 90 79 -152 -88 -189 178 -82 -86 33 -14 78 -247 182 117 -24 -97 20 -4 -206 240 218 161 -196 -57 193 114 -169 -91 228 138 -141 -102 -21 206 -220 -34 -15 234 25 12 -109 91 -127 -135 26 -123 -63 -7 128 -178 -80 74 -136 -28 -41 -40 77 27 192 175 57 -236 136 194 -96 14 120 -203 -6 139 -243 -27 173 34 156 59 31 190 207 -76 -248 195 -87 -5 19 52 -67 -149 230 -117 -214 -194 168 96 -100 203 149 171 18 122 -30 70 -153 -114 85 -129 36 236 185 237 -207 -217 -244 -93 -134 -239 99 -218 141 -190 208 -192 130 209 -70 105 103 224 48 83 -71 -219 -99 93 -166 -26 8 226 214 -75 71 -78 210 1 -179 155 -90 241 -165 -209 188 -51 -105 -162 166 217 -223 154 69 -36 177 158 109 -177 -73 100 46 65 -133 -121 -198 37 -56 165 -216 212 73 191 -213 5 -47 -193 -69 -60 108 94 121 148 15 244 43 -144 167 -143 225 67 42 -110 -138 239 -33 116 157 -176 124 111 -50 233 -130 119 231 249 -48 -107 242 -45 -116 -101 -83 181 -195 61 -92 -148 -221 104 -167 -242 -126 153 183 55 -224 30 232 -146 -210 -20 -89 -85 -208 -59 -111 -170 47 -186 87 -171 -204 -98 -11 145 -35 -81 -38 151 -250 97 64 176 -173 40 -10 82 220 -159 -183 38 89 -163 -233 142 229 -1 -160 -79 35 -58 127 -241 -106 -8 -237 62 -53 -222 -231 10 -119 -175 -132 -95 143 84 -61 221 76 13 -23 -151 -42 -16 125 28 160 22 -37 68 -158 56 118 -122 198 -115 32 243 3 238 9 -65 133 17 -172 -205 -139 131 -120 -113 21 135 -201 81 -191 -12 219 -17 101 137 -161 -46 150 186 -54 -131 60 126 6 223 174 -249 2 -68 -187 -64 -230 41 80 -74 11 162 -44 -128 200 -154 -19 -55 -43 172 -142 205 235 170 -238 -32 201 7 197 -156 16 -49 -94 113 44 164 227 159 -77 147 123 -3 -246 -13 107 75 -229 53 -226 -104 -125 163 50 -39 51 179 204 86 -235 -155 -22 0 -9 -18 -197 
TEST 41 ARG:49 134 187 -37 -112 200 209 115 -205 -157 217 -64 -185 57 -171 -226 167 -20 224 -222 -24 26 -27 -248 -26 210 212 -237 182 -234 -130 -208 131 -100 -207 -89 227 9 -34 -82 -94 -66 147 -201 -150 -138 -49 -63 -50 221 -242 41 213 90 -108 103 -173 121 -119 -113 3 -126 188 142 34 180 0 -73 -110 -206 -187 11 -55 -60 -56 143 19 133 98 -46 -198 60 83 -78 228 -179 94 239 -87 27 -70 -107 204 -221 -178 -232 -177 -96 110 55 33 140 31 73 7 84 -184 -103 171 -137 -42 97 18 -209 64 66 -163 240 -182 93 -30 -167 75 -19 -158 56 -121 -38 120 99 -194 168 207 -188 236 -86 232 -61 211 -134 218 -36 165 -131 144 89 44 -165 20 -143 -219 -228 169 -142 220 -176 17 -45 47 -217 22 208 25 124 -72 -69 13 126 35 -77 96 -132 -211 -145 230 -240 -199 42 153 -203 -193 101 -230 183 162 -9 219 -52 -155 -83 85 -244 67 128 -162 119 -2 225 151 -172 160 -68 177 -23 -159 61 -212 235 -99 185 122 43 137 123 181 -12 59 -183 -156 -168 -6 113 102 -76 -214 -93 106 -3 -40 -7 130 118 30 107 -41 -140 -44 45 -22 -243 157 249 -59 173 206 111 154 -196 -47 138 -154 -147 -35 241 -149 125 242 -133 -170 72 -192 199 4 -175 -48 -74 205 203 247 -25 -51 -28 109 -124 -111 69 -239 -200 234 132 12 -160 23 -32 50 -204 233 -43 -135 -122 -197 -39 79 196 -101 161 -215 248 -180 215 -125 148 156 76 222 -231 1 -33 164 -195 -174 243 -233 58 36 -58 -10 -114 48 78 -75 65 191 -65 2 -148 135 86 129 -190 -246 82 -5 184 186 -90 -164 -120 176 -139 104 127 174 -88 81 246 237 172 -81 -4 5 -106 179 201 74 52 136 -129 -144 -136 -21 198 -181 6 10 -141 -79 -13 53 -115 141 -216 -102 112 77 54 190 21 -62 -92 145 166 63 -67 -169 -80 16 114 223 202 -91 229 -247 245 -152 -53 -84 -95 -202 28 70 39 -85 197 -166 -71 40 189 8 -151 37 92 87 159 170 -104 155 91 195 -161 -118 32 -11 100 -224 193 -105 244 -14 -245 -250 238 88 108 -109 62 -213 226 -1 -17 -236 -191 -123 -31 -98 -249 -57 -186 149 14 -153 29 -229 -227 -146 192 24 216 46 -127 -218 -8 -16 163 150 175 158 95 105 -189 80 38 68 152 116 117 15 -223 -238 -97 194 -128 -220 -116 -15 146 139 214 -117 178 -241 71 -54 -235 -210 -29 -225 -18 51 231 
TEST 42 ARG:128 -55 -167 -187 -31 54 -93 -116 -202 49 230 142 -76 -160 -119 146 245 217 197 190 -62 -101 21 -94 -151 -189 91 89 143 121 -123 34 112 127 95 -114 -145 -34 186 222 -149 -10 241 198 -223 15 -152 119 104 65 206 -15 109 154 -53 60 122 148 -98 45 -136 -16 11 -1 -205 -81 -30 82 -247 -156 -194 33 -211 42 -13 -233 -206 -91 -236 -181 98 -67 157 -22 242 40 -161 -96 -126 -127 159 174 187 76 203 195 -113 -130 -90 -140 -248 -197 -204 -174 -230 52 -216 -105 66 -83 -112 -37 178 69 118 216 -128 -28 -29 -32 -217 243 163 113 -165 -95 -147 -210 -36 -148 -46 115 -54 -97 -180 184 -78 -166 -196 138 -132 162 -33 -79 71 -198 -150 43 10 12 86 185 -58 -70 9 74 -144 182 -237 -224 27 18 212 -173 67 156 -188 -9 -43 -229 139 117 -118 -164 130 -155 237 214 -23 -199 -250 -218 141 -18 -120 -172 -143 177 80 169 172 -117 -106 63 75 -41 -39 -75 155 215 -50 213 6 -175 -52 207 175 -20 -207 -183 131 59 53 -5 144 25 -200 97 -163 249 -176 79 -66 44 168 102 -201 -182 93 173 -231 -85 248 135 -6 100 -220 -135 -185 96 165 219 73 126 125 70 221 7 -44 -102 -214 51 231 110 200 77 -246 -104 106 167 -71 -249 -157 -111 -108 -26 68 31 3 166 223 -4 -72 -122 2 39 55 153 218 -80 -77 -209 13 -162 239 -14 -7 -109 26 -208 -61 -11 137 -139 -60 224 120 36 -42 235 107 -107 -142 158 180 140 -228 234 129 132 -221 111 -56 -40 -131 225 17 228 202 -178 -137 -59 37 -38 22 23 179 -57 -222 -99 57 46 171 244 149 -65 205 192 61 196 24 209 92 -73 -245 -234 133 227 1 123 -153 20 56 50 124 -134 -203 90 -68 101 64 94 208 194 -69 147 -192 -100 -25 201 -226 247 58 81 -82 72 -219 -168 -21 181 -63 85 29 28 -186 176 99 199 78 -133 83 161 -177 191 -238 238 145 246 -141 -243 183 134 103 -191 -169 -47 30 -17 189 -179 41 136 87 -87 -213 35 -51 -159 -190 4 226 -19 -24 -170 204 -240 0 240 -158 116 164 -8 151 220 88 32 152 -138 170 16 -124 -12 -225 233 -74 -27 14 -92 -232 193 8 -121 5 105 -88 150 236 -115 211 229 48 -129 -195 19 -35 -241 210 -215 -146 -212 -2 -49 47 -89 188 -244 -48 38 160 -125 -3 -154 -86 -110 -235 -193 232 -227 62 -45 -84 -103 -171 -242 108 -184 84 -64 114 -239 
TEST 43 ARG:-238 31 -187 -2 225 217 28 50 76 -45 -53 6 214 201 245 -179 231 -118 -186 -192 53 -32 1 -212 200 -93 191 -164 66 -169 -55 220 -135 137 114 -183 119 -79 -59 74 -108 15 110 -156 -138 -122 115 149 -182 -196 141 -42 46 234 -190 205 222 144 -241 -4 -222 -221 -144 62 29 9 -113 -104 -152 212 -191 14 45 161 208 -86 -128 -172 -206 37 -56 206 -50 73 -225 -142 241 -223 -102 -247 143 -10 -149 -161 -154 25 -173 183 -74 -211 -67 83 -210 -69 -198 91 163 -11 -48 159 102 35 155 -49 107 -203 106 -230 -54 130 203 221 124 -99 -31 131 -61 65 -23 249 -160 -228 235 240 -5 54 68 -88 -94 133 -95 -70 -140 -232 230 58 92 55 -123 90 -131 -235 128 147 -201 42 -226 238 162 184 -218 16 190 -166 -233 57 226 -24 -26 199 61 84 78 117 -117 -175 -75 -239 236 -124 -119 -217 223 239 -165 -215 23 24 -155 -193 -207 8 172 138 154 -129 -137 -97 56 13 178 -9 -200 174 17 198 189 -180 232 19 -246 196 -91 -147 -46 -237 -60 145 169 182 -249 121 -181 -245 82 173 224 237 101 -151 12 246 3 -243 2 175 185 177 139 95 -85 -195 167 49 51 243 -168 -15 44 181 123 -153 -71 -82 -30 227 120 -52 87 -134 -100 -159 153 64 112 97 108 -236 195 187 -66 5 -57 -109 -8 94 216 33 47 171 11 210 -12 -92 -209 -139 38 -171 -37 21 85 -63 148 -162 -64 -68 -36 192 122 -130 186 -35 247 -127 -33 60 -3 98 151 136 -65 -58 111 197 -87 71 27 39 20 -43 164 218 -120 -242 43 -197 -98 -177 -189 -199 -20 7 -231 70 -76 -29 -84 -21 -178 135 204 215 -188 77 -114 -248 -115 219 32 166 127 109 244 134 -176 -185 59 202 -202 233 -18 -101 105 75 142 -38 129 132 -77 211 -208 179 -112 26 -41 -22 48 -174 -234 -157 125 126 -132 -90 79 30 -96 18 207 -110 80 150 -163 96 40 22 228 -126 242 -106 -158 -204 -39 10 52 -40 -214 -105 -34 -224 -44 -167 158 -133 89 -250 -150 -240 -27 -145 -148 -81 113 -103 -194 -13 -107 -141 -78 0 157 -83 -89 100 -184 -136 193 -14 -143 118 -220 -28 -19 -213 -72 -219 -6 213 -62 -229 152 229 81 146 -16 103 -116 -244 93 -80 -205 248 67 86 -17 -73 180 -47 -125 -7 140 -111 -216 34 -25 209 63 104 4 156 36 170 194 176 -227 -146 -1 -51 41 168 116 160 188 72 165 -170 88 69 -121 99 
TEST 44 ARG:48 -54 -63 -26 -107 -198 100 6 16 -3 -248 25 43 91 -2 -193 49 177 -148 -173 -230 148 153 -179 114 -53 184 -104 -92 179 39 -124 210 98 234 59 119 244 -58 50 -111 31 105 211 38 -39 111 -138 72 -224 229 215 -40 -102 103 245 58 56 -38 143 -61 -176 -242 146 -249 -85 67 144 79 186 -161 168 242 183 -75 65 141 -172 174 -79 77 -170 230 -100 142 152 -23 9 -114 -55 227 17 -66 47 55 22 8 18 -24 62 -210 85 -96 -25 123 155 -131 21 -94 -48 -177 -56 -212 -162 -117 -234 89 90 -83 202 106 -211 198 -82 165 109 -88 -215 124 241 238 -178 107 112 246 -68 7 -93 102 167 175 129 -28 -6 190 101 154 -250 -153 71 226 -166 -113 -11 136 37 -238 -115 171 -78 222 23 -18 149 187 -51 82 -119 -157 -171 206 -206 131 -20 134 95 216 -167 -195 243 30 -155 -142 -4 5 127 -174 40 -52 185 44 83 27 -233 93 41 -95 -140 54 -221 147 166 80 97 -91 81 26 -27 -240 45 -196 -156 -197 -168 36 -130 4 122 -14 -180 -29 151 115 132 -182 -202 69 -67 -151 -239 197 -71 248 221 92 170 -62 -214 1 61 -241 -45 -99 204 -181 200 -125 212 -169 -64 10 126 -22 232 -118 -200 104 181 172 -186 -7 161 -220 -81 -120 -201 -135 -129 235 -86 195 158 -136 -143 228 -126 -36 214 201 159 -101 236 -134 121 -209 -72 -74 -216 176 -1 -13 28 125 199 13 12 217 -243 75 -49 118 -109 -190 -158 -164 -237 94 -188 189 219 -17 120 60 57 -103 -77 -8 -149 -19 -185 209 -245 203 -59 -154 -35 -121 169 -139 -227 -208 -5 24 -204 -218 64 -213 -15 -98 182 -43 193 -73 -76 207 -110 -236 180 -9 68 -33 218 -207 -175 -127 139 249 -146 116 -235 14 108 -141 -37 -247 -232 63 -97 -192 150 -32 178 32 173 88 -65 33 84 19 -42 -30 157 -84 213 113 78 0 -21 34 -147 66 205 -228 164 3 -41 53 -31 -184 -108 -163 128 -222 99 -132 -87 -44 162 -226 96 -50 160 29 42 135 -225 -223 -152 73 -137 110 138 -150 231 2 -116 -165 -34 -205 137 240 -106 -144 -69 133 130 -105 -145 -160 52 -112 225 74 237 51 223 247 194 117 -90 196 -183 -128 -12 -246 140 239 -123 70 -229 -231 -80 145 86 -199 -10 -47 220 -191 208 191 -189 -60 -89 -217 -57 87 -159 -46 15 192 76 -133 -194 -122 -70 188 -16 -203 20 233 11 35 156 -219 -244 -187 46 163 224 
TEST 45 ARG:-171 -175 -250 -188 -65 72 -84 -115 193 -223 -148 -96 -136 172 -199 -28 14 -125 -23 -89 160 8 -69 -147 -192 -138 -182 199 -232 154 118 -246 -12 234 -131 -80 -100 128 -191 203 164 -97 217 174 -221 -190 135 161 13 12 -68 110 83 -151 -170 100 155 -38 6 -155 -227 119 114 33 26 198 132 -167 -35 -145 184 226 -6 178 182 -10 -111 -146 49 218 -52 159 -79 -66 -113 111 56 24 -217 -157 -27 -93 97 -103 148 242 -81 -47 -197 65 18 143 -233 -4 61 54 93 -173 -3 -110 44 -144 82 91 -98 -120 -247 -239 -41 -22 -214 22 208 4 -204 -225 40 210 -121 -44 -242 -207 124 -102 -1 43 136 47 21 -158 -172 -5 23 -74 121 25 -206 -162 2 214 -156 223 201 166 15 -32 123 -183 153 238 221 240 -219 180 -234 -70 -215 243 67 -13 -116 127 -62 -31 90 -39 74 -87 50 7 -249 220 17 -17 -184 142 -75 -134 98 149 120 69 -194 209 162 -212 -122 231 -67 165 -139 140 -128 -160 -230 211 34 75 -95 -49 -43 -50 -94 -235 247 -179 200 -240 -161 -123 -40 -18 -243 51 -248 -142 248 191 -117 213 -71 -46 157 59 -60 246 -226 105 -56 -244 -19 113 109 52 63 -129 94 122 -92 189 16 241 95 70 236 216 -224 102 -218 227 -174 80 -220 -132 237 244 11 62 190 205 222 173 -21 48 -178 -135 -63 -153 235 45 -58 144 -141 -64 88 -149 -211 117 126 -241 -20 27 131 -222 101 171 89 219 -82 207 -164 -181 -24 46 -9 -8 177 20 176 232 112 -166 145 -54 -143 39 55 156 186 87 187 -101 139 224 183 86 -154 -86 5 -91 -59 150 196 125 -150 99 192 -126 68 -130 239 -231 -137 96 -108 -119 106 3 158 -213 108 10 179 225 42 -124 151 -33 -88 -26 181 53 163 19 -196 -229 -99 -90 -72 71 129 233 79 77 104 -186 229 230 -55 76 194 32 107 -14 66 -203 -83 130 -109 -34 -107 215 -198 168 84 195 57 -118 -202 -37 204 -76 -237 -2 -177 28 197 -112 0 -45 9 92 115 -193 -42 -200 -159 202 -51 228 38 -78 -216 147 116 -168 73 -180 -25 -201 -114 167 -61 -57 -140 -189 -105 -127 -228 -165 -104 31 206 85 29 146 188 -29 249 -238 141 137 -30 -11 36 152 -236 -53 -245 212 -48 41 138 -77 103 -7 -185 -205 37 134 245 169 -36 -15 30 78 133 175 -73 -210 35 -169 -209 -85 81 64 60 -152 -163 1 185 -176 -133 -187 -195 170 -106 -16 58 -208 
TEST 46 ARG:-239 88 -121 -217 139 -211 -1 84 -177 -230 -152 -231 -66 212 -229 -163 64 157 -30 -227 -175 -145 -167 201 -2 -158 89 34 108 -25 134 44 -206 -15 233 -59 -176 46 -108 68 142 -100 171 -52 237 -87 -71 -12 -123 -172 -146 192 -42 128 183 110 48 -196 245 35 -45 153 179 -142 198 129 140 19 205 -234 130 -127 -67 186 36 -88 17 -237 15 -32 -178 -84 8 -80 115 -199 -223 -107 121 -219 -164 -151 -94 193 -119 61 -106 143 -93 160 -225 -8 -62 -201 41 -113 22 86 107 -92 -13 -63 67 -130 104 184 -60 -165 71 213 -246 150 -114 -7 -136 148 180 -19 -37 -159 -160 -162 62 21 197 196 -43 -65 144 -220 -233 -202 11 178 -64 -157 -48 126 156 -240 39 75 141 97 31 -14 247 74 -11 243 -244 -28 -204 43 -47 -89 -39 47 131 147 -247 149 -131 -4 -102 -208 239 -195 80 -34 -155 33 30 9 0 -21 162 -243 -5 -118 119 -166 172 238 23 -182 94 133 65 -235 -144 -143 -250 -50 116 195 188 -161 -137 55 174 27 -141 51 229 -149 59 93 -40 6 231 234 -198 -207 -82 120 1 -221 204 -212 111 230 105 -232 -170 -35 18 170 226 175 -203 -105 37 173 187 168 228 -126 13 82 5 -81 -101 -228 -29 123 14 -79 199 -120 132 50 210 -248 -83 154 158 -140 101 -72 -49 24 7 217 -238 69 -189 29 -171 -24 165 58 -56 -111 124 151 -99 127 -104 -147 40 -36 57 216 145 38 -10 95 -55 -183 -138 -116 219 32 90 78 -125 137 -209 -205 109 -179 135 -194 -20 -153 185 -109 -186 -245 -6 207 146 -68 189 248 -91 -57 -139 246 92 83 -188 -133 236 118 10 -193 -187 42 224 194 45 -249 -190 -135 85 206 72 181 -173 -44 -86 242 -222 159 -214 244 98 222 136 -85 -150 -197 -181 161 73 -242 209 -124 203 223 -78 54 99 125 164 -27 -53 -95 63 -69 -74 220 -58 20 -154 -215 169 96 -241 102 215 -51 -184 -54 -22 -192 -180 235 -226 -96 -132 103 -169 -76 191 190 -129 26 52 202 163 -73 -112 -115 77 -216 -134 152 117 60 -61 167 66 12 214 -90 16 -3 -16 79 -236 -31 -18 114 53 -98 -218 227 -213 -185 -168 -70 155 -97 56 -174 208 113 3 122 166 241 -128 -33 211 -191 -77 -224 -17 218 -200 -38 100 106 2 176 225 -148 182 177 -122 4 -75 -110 28 -46 221 232 -26 -103 240 76 87 70 -156 -117 200 -9 -210 -23 81 91 138 49 112 249 -41 25 
TEST 47 ARG:-60 126 24 -162 50 96 -224 209 -164 -240 -178 -20 -230 -201 34 -175 238 -23 246 -46 28 124 -170 15 -179 211 -185 -127 29 154 -93 110 -137 -99 85 -227 -200 157 35 74 -121 219 -58 233 167 -131 131 -196 160 129 240 -241 53 -211 -41 180 -114 -77 73 -9 59 0 222 39 -95 -223 -19 -130 -180 51 -21 -125 -147 -36 -116 -239 163 8 92 -96 31 -102 -219 -148 202 -161 -81 242 204 118 141 -197 -104 249 -29 248 -71 -57 196 -194 -59 94 210 -11 -50 -94 98 -138 -228 -26 -63 -171 -208 86 -242 -40 -212 220 -105 181 114 -152 -172 -169 -209 138 93 -92 156 -84 -233 64 197 -243 130 -157 -12 -100 121 -53 -126 216 -222 26 75 -188 -43 193 -119 244 -5 177 -232 -85 -18 -76 203 -248 161 -134 -187 -129 150 226 -124 -122 206 159 46 27 68 61 69 -80 165 -236 -217 127 -193 -54 239 -67 183 -17 -86 -135 91 151 -14 -51 198 -48 21 -70 -245 2 208 218 -250 128 7 -184 -117 104 -168 178 -75 41 -146 -235 36 -190 148 158 224 -69 174 6 -39 232 -62 -38 -143 119 3 55 -177 -10 155 143 -141 63 66 -142 19 13 -149 -249 213 18 215 80 -189 229 -33 175 234 186 137 195 191 -16 147 133 78 82 32 38 -231 -163 162 -35 -221 111 -6 -246 188 164 223 -195 97 166 184 49 201 -128 -4 70 221 83 65 152 -112 -34 89 -25 17 -247 16 107 60 205 -31 247 -218 -204 -203 135 122 -101 -155 -158 182 -238 -30 90 -139 -47 95 -115 241 -8 -202 -55 23 -83 109 168 54 -108 -3 237 108 -160 56 -191 84 -97 1 4 -226 171 77 -186 -106 -82 -61 20 200 -167 -42 -145 -90 -220 179 230 76 -98 -181 -22 140 236 123 -123 -110 -229 -144 -210 45 -24 -140 -183 71 212 -165 14 -207 44 -44 199 -52 -15 -176 -237 189 -49 187 -166 42 -120 33 -79 -72 -64 231 -111 190 -206 -215 149 106 125 -154 81 192 52 62 72 -198 67 -136 -150 -1 225 -88 115 173 -151 37 -225 10 88 99 -213 105 172 -156 -182 -159 243 176 235 -74 -45 142 -174 -118 -244 102 -78 -91 -7 -13 -109 43 -56 117 -68 170 25 5 -66 -192 207 40 -27 47 139 30 144 57 214 -37 132 146 136 228 11 100 79 -87 153 145 9 -89 101 112 -234 227 194 -65 48 113 -132 217 -214 -103 116 -28 185 120 134 -107 -133 -113 12 22 -205 -216 -32 169 87 -173 58 -73 103 245 -2 -199 -153 
TEST 48 ARG:-5 -144 -54 -107 -136 107 -104 -84 -156 -189 241 -225 223 242 -121 -90 209 -86 -40 220 -181 149 -173 11 162 69 234 -158 106 137 -208 92 -175 -152 197 -137 18 -35 194 6 224 -127 248 117 119 138 -207 -201 -119 -146 72 -93 -244 155 -235 -16 -113 -118 -45 -228 203 -145 -52 -63 143 -34 123 169 103 175 132 -200 -238 105 -41 -131 200 42 24 -78 -67 -166 111 -18 202 214 -183 97 43 -184 -143 90 66 -9 -120 -213 30 -185 -83 -10 -223 13 3 15 78 -172 -195 -39 140 77 216 96 152 50 52 -37 108 150 147 -38 94 114 -4 -102 199 -42 41 239 33 -233 159 109 23 178 -187 -19 -49 39 -176 148 -163 91 160 -65 -98 -186 -210 222 20 95 193 -194 80 126 153 37 -218 157 -130 -92 -23 196 213 210 -6 144 -56 -155 86 -70 -79 110 120 88 121 -114 5 -99 -72 133 211 58 -14 -20 -57 -44 9 -82 -147 -50 60 67 145 -193 70 -247 -33 -205 -12 245 -108 44 68 -94 -8 28 -190 -46 -153 102 -222 129 -216 131 201 -198 161 116 136 26 85 -191 -51 98 -242 -124 -179 230 -159 227 236 93 -169 -25 231 -126 49 156 -125 -220 186 84 57 -236 -214 -106 170 204 -89 173 -36 188 76 -141 75 167 -103 -21 8 -180 -2 -48 7 -239 -53 141 142 63 -229 -73 -161 218 228 158 -192 104 51 -112 215 -140 139 29 56 -149 12 -234 -221 1 2 -88 -116 -60 71 99 32 212 182 -132 81 -59 -28 -64 14 35 -47 -177 -81 -32 -250 180 -11 64 -165 -26 -105 -215 -123 22 -178 10 232 118 61 125 -237 73 101 -109 59 122 -232 134 154 17 113 19 -168 34 21 -202 -30 -27 65 -75 -43 -182 54 -1 -230 244 112 176 48 46 -204 -95 -91 25 -122 198 128 185 246 16 -22 -219 -240 217 31 100 47 -150 -226 -29 -129 166 -139 -241 174 -111 130 -62 -101 -197 -212 -227 45 -133 -142 -217 191 -68 -128 -24 0 238 206 -160 -243 -151 -117 -209 183 -74 205 55 -135 237 187 -157 -170 -224 208 -199 -211 -85 115 -55 -31 -134 -97 247 207 177 -171 -249 226 192 189 79 135 36 168 -167 229 -77 240 171 127 -76 235 40 233 -248 62 83 -162 164 -7 27 -231 -58 -66 -115 -196 163 -188 151 221 -3 -87 -154 82 -80 -61 -71 124 172 -69 -174 -206 184 -148 179 249 53 225 146 89 -96 243 38 165 -100 190 -245 -164 -13 74 87 -15 219 195 181 -138 -17 -203 4 -110 -246 
TEST 49 ARG:-46 123 -124 22 73 -30 18 -222 -169 54 -51 -209 -158 -202 81 -93 29 242 -25 74 35 201 33 -213 152 62 -38 -70 -247 211 -63 -236 -128 -91 31 -126 65 7 -214 66 -16 -123 113 -29 -85 195 137 121 146 -177 -94 -164 32 -157 209 93 -218 -149 188 -62 -3 149 37 -216 182 -21 -184 177 118 -58 -1 153 -122 -78 52 11 -41 -9 164 -75 193 235 -208 -207 -121 -140 -101 112 64 -95 -145 -67 132 -89 -156 230 134 59 -152 20 186 173 -229 97 30 -77 5 231 49 -166 248 139 181 215 214 133 -186 56 -57 83 -201 -49 143 129 191 0 -35 243 -181 -190 69 -174 68 -27 50 100 -131 -42 160 207 53 220 168 -211 -109 10 162 -179 -105 -232 114 -159 116 -7 -74 -98 -248 183 -150 -55 -31 167 -147 108 71 94 125 -10 6 -175 8 142 -250 -246 187 28 184 -212 -80 -68 218 -170 233 47 224 106 1 -225 172 46 174 136 -110 237 221 96 98 246 -64 -163 61 148 240 222 -120 -224 -103 42 41 -146 -245 -108 107 -249 -141 -183 -5 150 -189 -53 104 -180 -79 -144 76 154 -50 -238 -39 -132 -138 -151 -24 -200 40 189 79 -4 -17 -13 -90 159 -45 198 13 91 -168 -33 -171 -167 249 128 -142 -47 158 -161 -127 226 -22 -199 145 -72 -32 -162 200 247 210 51 -104 -204 -86 -198 -73 -203 219 -191 70 -87 -193 197 -243 24 3 -11 63 227 90 -84 -185 -240 -14 -233 144 36 -195 127 140 84 147 55 -231 126 99 -18 163 57 -230 -100 161 -154 44 88 120 179 216 103 -227 -43 -15 43 -135 -106 223 217 89 178 -115 77 -215 -113 9 38 -130 176 4 -88 -129 110 202 -182 86 -111 -8 -37 -220 95 2 -134 169 -97 -226 -239 92 -133 -81 206 204 -165 165 -114 -102 -223 -61 -19 75 -143 245 213 -66 117 208 205 -172 -155 -116 -205 -12 80 -196 -23 12 -69 111 -76 234 -118 203 -139 180 19 130 -54 -160 166 238 232 34 122 157 -219 124 -60 -210 -2 72 192 60 -137 119 58 199 -26 131 170 -28 -112 -40 -206 -125 -176 -117 -217 -197 67 87 15 -6 239 82 194 39 102 -234 -36 -194 228 141 -119 -187 21 -56 -228 225 185 -188 241 16 -82 48 244 -192 171 -242 17 26 -34 -92 14 135 -99 -71 212 85 -83 45 -44 -178 -221 175 196 27 -148 -48 156 -173 -107 -136 25 155 -244 109 190 115 236 -96 -52 23 105 -153 -20 -237 -65 -59 78 -241 229 138 101 -235 151 
TEST 50 ARG:-41 165 156 -159 230 -176 -103 -131 -136 -75 -58 246 -85 -122 -115 -106 -171 42 94 -235 79 216 -40 -13 19 123 -89 -153 8 -118 80 44 -112 -74 -243 115 126 23 -120 101 -35 -201 -191 -87 -134 221 72 128 -220 25 83 108 -31 166 195 241 -169 145 121 -154 -208 220 1 -152 -128 -63 -93 -91 143 -240 118 97 210 106 76 14 113 127 -16 223 -130 -200 -126 248 -244 -196 -7 198 -170 -242 139 -10 35 -160 -72 -232 -182 -77 -146 26 181 -228 -104 140 -114 -213 -98 -236 120 53 175 -46 137 -84 -55 159 -29 84 162 -222 176 -125 -249 88 -15 213 116 -80 -78 -52 -167 125 93 45 130 12 -108 24 203 148 -188 149 -54 214 207 -237 -22 47 -27 157 188 172 73 67 219 -178 -189 -147 -68 -245 -140 37 228 98 151 122 -221 111 240 -190 211 -119 134 -195 107 75 222 -144 46 -83 117 -42 -150 -95 62 178 200 168 186 -49 138 -64 -192 -158 -105 -57 27 153 197 48 -60 239 243 -2 -127 131 87 -165 190 51 -204 110 -97 193 -59 -113 -132 77 30 225 103 -30 -133 231 218 -62 -198 164 -234 -56 -53 -123 99 147 -203 -250 161 160 -148 -207 -219 -238 89 11 59 215 152 4 74 -111 -215 155 70 -65 205 -181 119 71 63 17 -141 -194 -110 61 -76 -18 -94 244 -162 -168 6 65 229 -90 85 179 -96 -67 40 -212 90 -20 158 170 -82 21 57 78 201 183 -51 124 39 208 34 242 -211 -135 135 245 50 -248 191 238 -116 55 22 -217 -25 58 -38 227 144 -173 -99 82 196 -14 169 -172 -70 -145 -231 28 43 2 154 173 249 -206 185 -79 129 7 109 -12 -229 -21 -33 95 -185 180 -23 16 -155 -149 -43 -163 -210 -247 13 -86 -48 -137 102 232 199 -101 96 91 69 163 187 -81 -164 -199 -151 -239 -230 150 -138 -37 105 224 -180 136 -184 -32 10 -24 -36 236 -179 -157 174 204 167 -139 233 15 217 -109 -1 -107 171 54 -227 33 -233 -174 146 66 -186 64 -161 209 32 81 -71 41 -214 184 -17 -5 202 -175 60 -45 -8 9 92 189 -224 177 -177 237 -205 104 31 -69 86 -246 -34 -28 -61 68 -102 -44 -226 -143 29 -142 -241 -11 38 -197 132 194 5 52 56 -100 -9 235 234 20 -117 49 -50 182 -26 206 141 192 142 -193 -19 247 -156 -187 -121 -129 -218 3 -216 -225 100 -183 36 -209 -6 -47 -66 112 -3 -223 -92 -88 -124 -39 18 -4 0 114 -202 133 212 -73 226 -166 
TEST 51 ARG:-45 -243 -222 51 -144 -168 211 143 -123 23 112 31 236 216 -138 -25 -93 -4 53 248 41 98 -90 194 164 100 -54 195 77 44 230 113 -217 -203 -198 -85 -170 -224 174 181 -97 -215 235 125 37 0 -38 -246 93 -58 -187 -216 -133 75 -11 40 -53 140 78 166 69 222 -135 150 -145 46 224 -12 16 1 8 -2 -69 -110 52 -166 -172 149 66 -27 -96 -119 -56 -16 122 -66 33 173 198 -189 101 231 109 -31 -71 64 -136 -176 -118 196 -244 -219 208 227 -164 -117 14 105 -159 -98 96 154 63 -37 126 139 108 -233 121 -104 -236 12 -229 240 -52 197 -227 247 184 225 -196 138 -33 62 -163 -6 6 -20 -211 -106 -150 -113 -137 176 207 -103 -154 -124 -200 -55 159 -36 -109 -205 -108 214 -230 42 228 -115 -192 -206 188 -208 -122 94 127 -195 -39 29 -72 233 -61 -7 135 -177 160 -23 209 -127 -41 146 -250 26 -234 -67 124 114 177 -75 -212 -175 38 -152 -95 -34 -121 -88 15 -188 -9 -125 200 49 -80 244 204 17 -76 206 -111 -81 -21 163 82 -131 203 45 -181 11 -143 133 50 175 -238 -201 43 -105 145 -3 -132 -74 -182 -101 -48 57 -194 183 -112 -65 -128 -142 36 35 199 -247 -94 -139 -35 115 123 -207 -180 -160 229 -223 -245 161 -49 -42 -220 -77 -43 -167 72 88 -116 34 -169 132 232 -151 -183 -171 -102 117 80 189 178 -13 -24 -84 -184 -91 186 99 -22 -47 -225 -202 -209 7 -221 223 -70 -73 -40 215 192 157 48 -199 74 3 -248 131 2 39 249 -62 95 -5 106 226 -1 -232 151 -126 -235 -249 -240 -59 205 4 89 -17 -173 193 212 -8 91 10 -237 85 -130 -242 76 -146 152 104 -78 22 238 -156 116 246 168 239 -19 167 71 -51 218 -29 221 61 202 90 -147 -190 -239 -204 153 169 -30 5 -50 -107 171 -186 -161 60 103 19 9 -155 18 144 158 134 84 -79 -87 245 -60 -214 -153 -26 -158 -120 -114 73 -99 -218 86 -141 210 128 107 -46 28 65 180 219 -149 -63 -213 -32 136 242 -241 56 30 -28 241 179 185 162 -15 -10 21 102 54 147 -64 47 -193 -86 234 220 187 -165 141 87 -82 -14 -174 201 110 237 -68 -162 -140 68 -157 172 -57 120 -226 -148 79 137 20 -197 -185 165 191 27 -100 -231 119 67 142 25 -129 70 170 92 97 59 -18 32 13 156 -179 130 -83 243 -191 217 -44 111 190 83 -228 182 81 -178 213 -92 148 -134 24 118 129 58 55 155 -89 -210 
TEST 52 ARG:-138 -38 158 45 -36 -37 -234 -44 52 -43 82 -207 230 87 -47 -161 126 241 37 -176 -82 -150 90 106 -187 -20 212 -122 -208 245 239 -189 39 152 -88 -87 -25 120 198 125 30 58 34 68 -188 -75 -147 47 86 -169 246 -105 -204 175 117 -100 -134 -216 170 -68 163 -218 8 -236 -8 166 177 186 -219 141 226 169 -192 227 -209 78 -182 -141 185 -191 -126 131 -171 -136 57 46 94 112 -70 -142 -48 74 22 -104 190 -5 55 113 -231 -46 61 118 -41 128 201 124 -162 145 -103 40 182 -200 191 -172 -56 -39 80 35 134 24 -29 221 -230 -24 -237 19 110 -179 -89 -78 151 -165 119 -125 42 -11 -175 -18 43 -121 -111 -110 -63 130 236 231 -223 -157 223 6 -206 150 247 109 -201 -186 238 121 140 -86 194 -149 -210 -94 -57 -225 92 224 197 75 48 174 -112 -76 243 88 248 164 188 180 16 -211 -239 -50 232 81 -133 -58 -135 107 -51 -127 79 72 -64 147 218 148 234 -115 132 96 -67 29 99 146 205 -114 -196 -33 200 122 -243 -212 138 204 -65 9 229 108 213 181 18 -31 -6 102 136 -227 -53 207 -128 -84 -247 -117 -73 -143 -1 -77 -109 111 28 -132 -164 123 -93 -42 -183 144 -226 -32 73 20 -154 214 129 -170 -148 -178 -26 165 172 54 -248 51 105 -45 210 33 -27 240 209 -229 211 202 219 -7 237 -102 -213 -224 -69 244 -214 155 -83 149 -119 -106 -30 171 184 3 -129 -123 116 -245 -205 -198 -160 -116 -168 -194 -220 228 167 44 -151 -130 -107 139 154 26 36 64 -139 -163 15 91 127 -146 183 -235 -173 -34 -101 -10 -12 -242 162 23 -54 -35 -159 70 71 25 41 -80 65 -221 137 -23 -180 -16 2 98 5 104 133 -90 -49 160 -66 199 10 13 193 38 -13 168 -153 -222 -232 203 -158 66 -14 77 69 -249 -193 -190 143 53 84 -118 -91 17 1 178 -60 83 -228 208 -137 142 135 242 89 195 -167 -174 -95 -28 -99 12 -166 -62 -177 156 -238 27 -79 7 -195 -96 -145 76 -92 217 -74 161 216 -22 -241 206 -2 235 114 159 -52 233 192 -15 115 -97 -120 100 -113 31 -250 50 85 -246 -140 -156 -199 -202 153 -85 -215 -40 67 62 -131 -181 -240 93 222 -108 97 -17 -144 14 173 249 -233 -4 176 225 -19 -197 103 -59 -9 32 56 -124 -81 60 -184 215 63 -98 -152 189 220 187 -71 -55 -3 -155 157 -21 49 101 196 179 21 0 -72 -203 59 4 95 -185 -244 -217 -61 11 
TEST 53 ARG:-165 33 -127 105 -14 -213 140 63 -245 35 -81 135 -9 188 157 -61 56 24 42 203 179 -39 -229 197 -204 -89 -126 -236 86 -21 241 -26 -195 119 98 -35 -202 143 132 -196 207 127 201 245 211 -232 -75 146 9 -65 -187 -16 159 -250 174 109 -46 -175 81 93 6 -23 -181 204 0 -207 -7 232 -209 -47 37 -66 -56 -28 -105 -83 -106 187 153 -18 -108 130 209 121 -111 154 -125 65 -239 -94 -103 -135 -129 19 -235 -244 -219 -31 229 -139 -63 -227 155 -44 -12 67 -156 55 -92 -52 249 -3 -197 103 -124 -141 -88 231 -242 192 17 -173 224 -149 189 222 51 149 162 77 -154 158 -70 -59 -115 -186 122 -217 23 107 234 -147 148 240 -112 -137 -1 -97 -110 20 -48 53 -76 -29 45 91 99 -180 25 -161 31 -51 228 -71 3 -223 -20 -142 -166 21 -107 100 164 198 -140 34 -199 -151 -95 38 -155 -101 71 -178 244 190 181 -247 94 124 -184 -32 215 80 178 246 217 173 243 133 137 22 -224 14 -157 74 27 -220 -67 57 -225 -228 -90 -68 -50 -183 -234 -212 32 120 114 136 -205 184 214 62 12 82 210 213 26 -146 225 15 -193 113 200 -171 230 96 242 43 142 -169 -120 -72 -210 223 117 -27 -216 -131 -96 -80 78 -77 -6 60 -214 -15 49 -57 193 -104 -215 90 75 235 176 186 -164 156 -148 151 -100 -172 -10 -41 -138 -79 -43 79 -134 -113 139 -93 -167 -54 -249 11 134 -211 196 -69 -174 -55 166 -170 -122 16 -19 64 54 -30 -238 44 194 233 205 -188 87 97 -203 -36 202 48 -136 -37 -42 29 239 -82 -25 238 -231 131 -34 -159 -190 -78 -145 -221 129 -102 -118 102 69 59 -132 -185 -85 -40 -198 -98 -119 -109 58 -160 -158 28 -86 7 -11 -201 111 175 126 -64 128 195 18 141 1 66 61 40 13 -128 170 221 183 70 73 227 219 -99 -191 -123 88 101 -13 -130 237 -194 -114 115 199 -4 -22 247 163 -168 84 4 -144 -87 116 168 2 185 -237 112 -150 -5 95 106 -152 -8 216 -33 39 -53 172 -45 85 -73 89 -192 208 36 -49 147 123 -208 191 108 -248 -218 -226 138 -179 68 -153 218 72 -246 248 41 -117 -121 -143 -241 150 -163 236 144 52 50 8 -233 160 -58 -62 -189 167 -91 104 -200 -222 -60 152 83 10 161 -230 226 -38 206 -84 165 -24 -240 -206 -74 145 169 -2 -182 -176 212 -116 92 46 -243 182 110 -17 76 180 -177 47 30 177 125 -133 220 5 -162 118 171 
TEST 54 ARG:-225 164 -230 -38 -73 -250 -173 -96 246 -81 37 171 231 57 60 68 105 107 -244 -11 69 -201 -248 -99 21 85 178 109 -146 223 -199 120 179 19 -180 126 -206 233 205 -121 236 50 136 79 -133 113 102 143 -142 106 -120 -125 -159 154 -95 7 104 234 181 -134 2 -90 -171 -47 -238 54 -41 -220 206 160 -157 248 200 84 130 215 185 -62 8 -214 213 139 75 -82 -150 135 -115 -18 -104 230 188 180 227 152 124 122 91 78 73 204 -28 -129 224 -210 -88 72 168 -6 -217 159 -208 11 51 201 -109 -122 -128 -194 203 38 98 -14 -130 -167 71 -245 12 128 220 -10 -200 -189 165 41 -23 -178 30 241 226 74 -143 -162 216 -243 190 141 -87 -8 -219 121 -139 -222 -78 55 142 -71 -116 198 195 -113 81 -15 -5 -30 -211 -63 1 182 -127 29 208 209 118 -149 -246 -242 27 0 -20 90 -32 -37 87 -98 28 -91 -97 -216 -124 -35 -192 -75 -204 26 -141 47 13 229 -163 175 -234 -59 -212 -101 58 -44 153 -176 -229 138 4 177 -156 132 174 -249 140 -155 214 158 46 -226 -114 245 123 115 147 36 25 22 59 -119 -161 93 -237 66 -80 -138 108 242 -49 44 -117 187 56 -240 237 119 -39 103 -153 162 161 -26 -83 -65 -136 43 -43 -69 199 -79 -132 -24 -203 238 -218 -106 -172 -77 39 137 -100 210 48 -170 170 -185 -34 15 76 -105 218 -31 -7 -160 32 45 163 -92 62 -27 -68 -169 183 193 228 -190 -164 -224 -197 -175 -64 101 -166 176 -40 110 -17 -186 117 247 -140 23 212 -131 24 -207 -36 235 -202 -239 114 6 144 194 -221 -22 155 202 33 -61 -25 -154 211 -179 -191 -228 131 -137 232 -235 -48 -46 80 82 42 -174 -165 92 -148 -56 -66 146 34 -45 184 53 64 207 -168 -147 -94 63 116 -188 127 -3 133 -183 67 217 186 -233 20 244 -184 3 -1 172 -110 -53 94 65 -13 -50 17 9 166 -215 -112 192 52 -198 111 240 -196 -60 -19 -145 -123 -205 151 -241 145 225 -93 -55 -51 167 222 -223 -89 -126 31 191 14 -181 -70 150 125 -232 149 97 -177 189 173 249 -213 -209 197 196 16 -152 -103 -193 100 -57 -227 221 -21 86 5 96 -111 -144 -236 -118 -52 -2 95 -247 156 129 10 -33 -54 134 70 -9 -42 -86 -135 83 243 49 35 -187 77 88 -182 169 -84 -231 -67 -72 219 18 112 89 -74 -29 -76 -158 -58 -102 -151 239 -12 157 -85 -107 -4 61 40 148 -16 99 -195 -108 
TEST 55 ARG:-14 -236 -19 -38 -55 24 -31 -192 -223 66 -28 84 141 -5 -56 117 247 119 107 179 -183 -104 151 170 -98 172 -51 208 223 92 50 -138 245 103 -24 -150 -187 -142 10 153 -155 -58 -3 -10 -195 -167 -176 156 -52 -158 -209 -23 -231 215 197 -171 -230 -76 190 -136 111 -219 129 209 229 -149 -234 -175 -11 -112 -139 33 -132 -109 -93 -121 -65 -152 91 192 -134 -37 231 -114 95 8 61 30 -40 26 -144 116 -189 183 41 228 -198 -185 164 -130 -206 165 206 162 -96 -16 154 -210 158 -6 -48 23 -118 -129 -217 -126 -179 -181 -29 -228 -119 -184 -135 232 -108 76 174 166 138 -238 242 188 -160 191 3 233 244 -156 21 152 241 -9 -168 -224 230 -225 -85 -15 142 -2 78 -87 132 203 -173 16 161 -94 -170 -62 -77 -22 -4 182 -229 73 -182 -95 227 -7 -8 13 69 -240 -73 58 -208 207 70 214 221 -75 108 -101 -100 -117 -247 12 11 5 68 -88 -102 171 35 -33 -180 88 -17 -151 -12 -78 -164 -32 79 25 -204 14 -241 105 143 -64 -194 -86 63 60 -214 48 27 -154 204 217 -249 149 -30 7 163 155 -74 -18 -128 29 -221 56 -116 -237 -26 -178 97 186 -13 216 248 -239 86 77 198 40 100 -83 131 -203 180 -122 225 -107 246 81 194 133 -90 -79 98 9 176 -110 146 195 -53 102 140 211 -145 18 128 75 -166 -246 -245 -186 169 -69 64 4 -248 213 54 175 226 39 28 -123 218 -113 34 -25 -34 -42 147 -120 -202 -39 32 -211 201 137 37 94 -216 240 243 -49 -222 47 -212 199 85 185 89 82 -250 109 -232 135 -44 -60 181 -157 -165 167 189 212 -201 200 1 -111 160 202 -97 224 45 168 106 236 15 237 127 -143 0 184 122 -99 2 130 -200 -63 205 120 -133 -162 -163 19 -68 -159 -244 -124 115 -84 -218 44 -131 -193 -137 121 101 -199 -89 187 -36 -41 -91 53 -105 173 -146 -174 126 -46 136 -215 80 -191 74 148 87 -66 -43 -20 -50 43 -57 -1 -61 -103 -27 -169 196 -227 -196 -213 -207 104 -70 -242 -226 38 52 124 99 -140 249 -80 220 65 -47 145 71 193 238 -72 157 159 -82 -115 83 -147 57 210 239 6 134 112 178 -71 -177 144 222 93 67 219 -190 -35 -220 42 90 150 -172 17 -21 113 -45 31 -148 118 -161 -153 177 59 20 51 -67 -92 22 139 -141 -59 110 -125 -188 -243 -205 36 -235 -233 235 114 -106 96 72 55 -54 -81 125 -127 49 -197 46 62 123 234 
TEST 56 ARG:-131 -219 130 -102 -239 -82 -197 -212 -120 -238 174 88 -110 2 -17 -23 147 -5 -178 -151 -6 125 67 -15 120 23 -155 140 -59 198 -54 -19 -14 204 -232 215 242 116 -196 49 221 60 194 -141 39 -199 176 -113 -70 -94 45 227 -124 247 187 79 -126 145 83 92 -226 13 232 -129 -223 -90 -206 168 -132 35 70 -95 -234 217 -144 163 -152 84 249 -236 138 -16 82 57 195 20 -8 25 224 31 76 -216 -96 -136 -242 -176 180 -213 175 244 106 -160 -49 -130 -122 47 -153 111 -62 -240 119 171 12 -50 142 -10 121 182 -167 -204 -100 -7 -173 -56 -140 -103 151 90 -145 -66 149 -207 -74 -184 -114 87 131 117 -127 16 -118 -186 28 -195 196 -28 158 71 104 -78 -27 243 -21 37 -93 228 133 -107 -115 97 33 155 141 153 -72 65 95 72 210 14 61 -189 -24 114 22 -34 102 11 78 161 -52 -245 172 -20 -174 157 236 26 -3 -214 -121 -137 197 54 156 -69 -53 231 -112 -211 -237 -154 220 159 -168 214 -67 170 -63 17 64 -241 -202 51 -18 -60 -244 146 66 -57 -166 -58 126 143 -116 179 -79 -25 -147 -183 129 223 213 -97 40 44 41 173 9 205 -225 -200 -35 -39 4 -91 211 122 201 46 100 -31 115 24 -2 -80 185 -101 -149 52 -180 -179 212 -98 -198 -191 -22 -146 77 42 -193 188 -83 -89 -133 -76 218 0 132 -51 30 -224 34 225 -205 -158 -13 103 85 -11 -85 56 -201 -203 127 -172 105 -228 -210 91 -218 192 101 -108 -71 208 -64 -68 -175 128 177 209 -1 203 229 152 -55 -109 136 -250 29 -143 110 -134 234 7 190 5 -42 216 1 -43 -106 -12 -92 27 -248 -135 93 186 -229 6 233 86 245 -86 -157 38 109 -217 -165 -104 96 -233 80 -81 81 -4 -117 18 -77 -231 169 107 53 -29 165 -75 -138 -208 -220 -163 74 -26 -150 235 -162 3 -41 -159 135 193 73 166 -246 -37 -111 59 -227 246 89 43 -148 -177 -46 207 -235 -209 139 -222 -125 -190 8 183 36 -123 -44 15 -249 113 68 189 137 58 -247 21 134 148 -84 237 241 75 164 112 206 239 118 50 154 -30 99 -142 -87 219 -182 144 167 -243 -187 -65 -194 -170 -185 -188 -230 -40 10 202 184 181 162 248 160 -128 108 240 -139 -32 -215 238 -156 62 -181 -119 226 19 -38 32 -45 -48 69 -164 -169 200 -99 98 -88 -192 -73 -47 222 55 199 191 63 178 48 -221 124 94 -9 -61 -36 150 -105 123 -161 -33 230 -171 
TEST 57 ARG:235 -31 197 -69 130 207 166 -168 -70 -229 47 -110 -171 -166 88 56 -21 84 -192 187 -19 190 -93 -65 174 -109 205 -175 162 103 -188 -136 24 124 -148 85 -120 -48 191 -184 75 152 -161 -227 -199 -16 -130 234 182 127 -217 70 36 -80 11 -169 -220 -5 220 -181 -37 -187 -205 105 -45 184 214 157 -203 158 177 40 -60 -66 65 62 -59 145 19 210 91 30 71 -118 137 -235 15 -105 139 -201 95 131 -56 216 102 2 -139 133 -236 9 87 247 33 14 -104 179 18 -234 78 224 -75 196 -191 34 -212 -115 -86 -84 -190 -3 141 89 6 -26 -43 -152 149 -232 246 83 60 204 230 245 143 -147 99 44 -211 -125 198 -177 115 -97 -244 -40 -135 -206 114 82 222 -17 13 -170 35 10 148 -30 112 195 241 -112 -198 92 -76 97 215 -202 54 218 93 119 126 67 -131 225 113 -83 144 -176 -11 -35 209 244 153 -25 132 104 -12 58 -29 -248 -100 140 80 -128 178 86 200 -239 229 118 -197 -10 -240 128 -33 21 25 -145 181 172 208 176 -249 -137 22 227 76 -218 -119 -85 122 -132 -98 -230 -174 175 90 -58 117 -200 -91 -9 129 160 -82 -160 240 206 46 -194 -72 -108 63 -47 -34 3 101 156 -18 -214 -64 110 -123 -154 -219 -52 -99 66 42 -121 -27 -77 107 142 243 -247 169 -210 -73 219 223 20 -54 73 242 116 121 17 233 64 -4 -207 -102 164 -246 -116 -222 -155 -156 -196 -68 52 -173 -63 0 165 168 96 16 -204 -88 -50 -193 81 192 -146 55 -134 248 202 48 -238 77 -237 194 -208 -36 -106 -178 74 -185 167 -44 69 -213 -81 -28 232 38 106 -90 -7 -22 -89 125 -62 212 201 27 -179 28 -113 217 -223 136 -165 26 221 123 189 -245 134 -74 7 37 -79 -180 57 -42 45 23 -14 100 4 -151 -138 -225 -127 163 188 -226 61 -228 155 53 -96 147 -78 68 228 -158 -55 -61 -140 -39 79 -233 237 8 -164 -153 193 154 239 238 12 -67 -162 98 94 -71 236 -94 -195 -13 -101 32 -159 -114 -250 -1 180 -216 -133 -32 -150 -95 -126 -183 -53 183 31 -231 -122 -41 39 -87 -209 -163 -221 5 -46 49 171 146 51 -241 -124 -6 151 -144 -23 -24 226 -38 -157 -186 213 111 -215 -142 50 249 41 59 -117 186 -172 150 -224 -49 185 135 -167 -103 -129 -57 -20 211 -2 -141 120 161 -182 170 72 -149 -243 -143 109 -107 29 159 138 -15 -51 203 231 -92 1 -242 173 43 199 -111 -189 108 -8 
TEST 58 ARG:-19 101 235 244 -8 195 102 167 -63 -25 232 -203 -187 111 -60 175 98 149 -159 62 -239 -104 48 100 230 203 46 10 -188 -150 26 -69 18 -57 -242 132 96 23 97 -121 -3 13 72 169 193 65 -115 -28 -41 77 68 -213 -135 -237 -53 74 171 242 -24 -198 161 103 183 -98 -236 -99 -165 66 -94 229 67 -163 173 237 224 -175 82 211 56 -21 212 -105 -38 -193 -171 -186 -18 -156 -138 188 -6 58 -169 -181 -46 52 -178 16 -10 -225 -246 166 -218 -192 89 -40 112 -229 -200 -32 -146 -191 -124 -68 -84 191 194 141 240 15 -66 -195 -133 21 -123 -155 245 125 -118 -209 -75 31 213 -70 -4 20 -205 236 177 157 -197 146 -61 71 -80 -67 104 53 -164 -170 -216 142 -202 76 -65 64 -139 -62 -7 118 -42 90 202 30 -119 -81 -244 126 -172 -125 60 -243 5 176 -88 63 49 -167 -206 -158 -147 88 -226 41 182 139 216 184 -148 -39 200 -45 -136 -33 192 73 113 -49 -149 -204 -56 -59 221 196 -151 -120 99 121 -232 -241 -234 24 207 131 -91 -30 215 32 33 28 181 11 119 92 172 110 84 239 123 43 108 228 178 148 180 57 114 -47 -249 -222 -109 -194 94 227 51 -201 246 116 45 -35 -173 -76 81 12 -106 -111 27 -190 248 -51 153 137 -77 218 -74 34 -214 35 -13 61 105 -180 83 -247 124 130 9 -161 -142 14 165 -141 156 75 -176 -79 -15 -162 225 -196 201 136 -223 -179 -36 -224 59 145 174 -20 -87 -117 -14 -54 204 159 160 39 -34 223 -110 91 158 47 206 -37 -231 40 109 44 0 226 189 179 86 143 7 -103 -233 117 -55 155 220 -185 36 -31 127 -50 129 -220 152 -108 50 -82 144 -1 -219 170 115 168 -166 -184 -96 -153 -217 162 19 -189 -157 107 79 217 42 -182 138 243 122 106 8 3 -44 -137 -131 -143 238 -240 -116 147 -90 249 95 234 -102 135 214 -174 140 -235 -95 -52 233 6 -211 -22 -48 17 -89 231 -100 -71 -250 -11 -160 -245 -29 -93 93 29 -227 -101 209 190 -208 80 -128 205 37 -113 241 -126 -23 -140 54 -122 38 4 -16 154 -212 -78 198 -130 -64 69 -12 -129 -183 -114 -210 -107 -83 133 150 -221 -58 -5 -248 87 -168 199 -154 186 -27 55 -215 164 -72 -144 134 1 -132 -43 210 25 -2 -17 -97 219 187 185 -145 -134 78 -127 -238 2 128 -230 222 70 -26 -9 85 -85 -86 -92 -199 208 -207 -152 -177 -228 163 -112 247 197 120 151 -73 22 
TEST 59 ARG:116 -36 -248 -53 147 -112 119 -217 -119 -20 197 61 110 96 -27 47 -13 59 103 28 -57 -6 107 176 88 66 -243 233 132 -114 153 54 -55 45 -170 -31 70 145 43 -181 22 170 208 -236 -95 -56 72 -83 -81 -11 -7 -116 -4 -87 -250 179 -172 148 191 -110 -82 -138 -231 42 -98 224 -189 100 -60 137 60 74 204 140 95 4 109 162 -15 78 11 -131 -207 -209 -94 -244 64 -215 -187 -156 -96 152 -40 -161 94 241 -242 198 171 -249 -139 79 93 123 -12 -232 190 150 -16 -210 58 29 86 -78 120 225 53 -194 173 209 -176 127 243 -157 242 -100 -224 36 85 124 46 -63 111 -196 -180 -25 142 76 165 199 99 17 112 -222 139 -145 -226 51 -147 -8 21 -148 213 203 90 -134 -62 230 245 217 159 183 -206 -182 155 113 68 -204 235 192 19 223 177 -184 -67 82 3 9 -183 -202 80 -200 -86 37 -218 118 214 115 129 -84 -211 18 206 13 -21 12 149 -168 -234 -160 8 174 -230 200 81 202 -41 -99 71 181 211 0 239 -76 228 138 247 -28 -237 195 215 -166 -106 141 -141 -149 77 24 114 20 -198 178 -171 -101 -68 -154 186 126 -80 -214 10 7 -117 -201 101 -142 222 73 16 187 -223 -212 131 -229 207 240 -174 -30 185 248 -205 210 -146 -88 226 41 -52 157 184 -49 -216 6 130 188 231 -130 -197 67 -118 182 56 -90 49 -192 39 -140 55 -195 229 -228 -165 158 -185 -113 -73 -240 -103 -5 -126 -125 -65 -178 167 -188 -247 15 -102 -32 163 -14 87 -1 57 48 160 -48 -92 227 -34 -152 117 23 -43 216 -24 -208 -104 -58 -75 -162 220 -199 -38 -91 25 31 69 -77 27 -23 32 201 -144 34 -122 -239 234 -245 -19 -233 -153 143 -143 175 212 75 -2 -51 128 -72 166 14 -203 -155 1 -164 244 91 -107 -221 -9 50 221 -120 -124 -17 -186 151 -108 -93 33 -33 -18 -85 -241 -10 -219 -135 102 -129 -3 -179 -39 30 -54 -127 92 106 35 -66 -61 -227 104 -213 -69 -109 -22 83 -79 169 -70 218 98 -177 -97 196 172 136 125 89 232 238 -133 97 -26 -64 -158 -191 144 -29 -123 205 52 189 5 -137 -246 -59 40 -45 -37 -220 164 219 -128 -115 -111 -150 -42 -167 -35 146 -74 -173 -169 122 135 -44 105 -132 -121 2 -105 180 236 -193 134 -71 133 -46 168 -175 108 121 237 -136 249 62 -151 -235 -238 -89 63 -225 -190 246 161 65 -163 154 -50 84 26 38 193 -159 -47 194 156 44 
TEST 60 ARG:34 180 97 209 197 64 241 142 -234 -151 41 -178 157 -28 -99 140 -79 -50 133 -223 12 -120 -38 213 -248 200 14 -179 245 69 -160 -95 49 13 -233 25 227 240 73 101 5 248 216 -144 7 -157 135 204 122 -29 124 -76 111 -141 242 43 163 85 71 -203 -148 -164 -94 -86 -41 196 -78 65 236 48 -244 -106 -134 -23 -146 226 63 94 -221 -55 62 38 110 -216 77 -7 -166 154 81 32 92 -159 141 -58 51 -219 -175 4 -36 -64 -236 186 106 158 116 162 -14 -168 178 -181 35 6 181 56 -27 53 87 -108 221 -133 -35 -43 -102 -240 103 -217 234 202 52 -202 185 -208 -218 -238 -194 -60 58 -188 88 -192 20 -1 -227 26 -145 -91 -37 145 0 164 -158 -230 -40 -32 -191 148 -123 198 -6 -115 98 -113 -63 -135 -139 3 44 113 128 -15 192 171 212 39 -138 233 -74 201 -174 75 177 -149 -112 -10 243 -81 -226 115 108 -125 218 138 -5 -111 235 -186 -89 207 79 -200 155 96 125 129 -220 107 -140 9 238 118 -100 -207 -19 -237 68 -62 89 184 182 -47 -2 -52 -124 249 223 187 33 61 -176 90 174 -136 -122 29 -225 -77 137 -180 83 -153 -243 -101 -205 123 -104 173 66 -229 -69 -11 -137 -17 214 -83 224 149 -85 70 217 93 -170 237 159 -118 22 105 -171 40 232 -82 136 188 54 189 -147 205 11 -48 151 15 -190 -117 153 28 -201 -46 -13 104 -107 2 117 102 -49 165 -215 27 -235 59 -214 -119 -212 156 -4 -45 -110 144 -162 -187 80 147 -143 -105 -183 239 36 -61 86 -163 228 -114 206 55 -98 82 99 -129 -57 -42 244 -222 176 46 -34 -30 8 -66 -182 219 247 -247 -80 -12 91 -126 179 -96 170 78 -232 1 100 -132 -241 -249 -250 166 169 -185 132 -128 -184 -242 37 47 -9 -70 167 -224 121 109 31 229 67 114 -72 195 208 183 203 -204 -154 -75 50 24 84 127 -51 -56 160 -196 139 23 -199 -53 -231 -39 -239 -131 -73 -189 -116 19 -93 -3 -54 -177 146 -152 18 126 -198 -71 143 246 -156 74 -68 161 42 -213 -173 16 -169 57 112 -167 -25 168 -155 120 175 -88 -206 30 191 -59 215 21 -16 -197 -161 -31 -210 -211 -21 -246 -90 -22 231 225 -44 -67 -26 190 -142 17 -127 -165 222 -245 119 -103 194 -84 134 95 230 -172 -193 152 -97 -109 130 76 -130 -33 211 -150 -24 10 -8 72 -195 -209 150 210 -65 172 220 45 -20 -228 193 -87 60 131 -92 199 -121 -18 
TEST 61 ARG:214 91 -101 -149 209 -211 -112 79 -164 -165 162 -207 -160 213 -240 -198 123 -41 -127 -199 32 128 168 -150 130 179 81 39 148 -205 70 187 -184 -98 119 -175 36 -146 -138 40 9 -9 198 239 207 -200 68 -203 -93 -195 58 -126 -249 69 7 -72 -214 110 -8 26 101 -167 -26 -206 -109 99 -196 -12 -250 -97 200 -169 78 -218 -151 -110 -177 -55 -217 -139 -17 -4 219 -156 248 -234 244 234 15 -148 -194 37 212 -137 -100 47 167 13 -68 21 23 -64 -40 -174 171 210 -37 -16 -14 -73 153 116 229 193 31 -187 125 42 -193 98 80 -57 -171 -242 102 -208 149 107 -121 120 -186 -123 -178 -210 235 -226 100 85 158 105 146 12 94 -125 64 -197 236 0 -128 242 -129 54 -229 156 -10 114 -117 53 -53 237 129 -168 -15 -60 14 -133 233 -135 63 1 -130 -88 154 201 -159 -247 -104 20 202 211 240 226 217 -246 33 243 -141 189 183 -222 -25 -122 -91 172 84 199 71 230 67 -232 -225 -166 -27 117 -51 -113 -238 -144 -163 164 121 16 -86 -63 27 122 50 137 143 215 51 -29 -183 -46 -56 -243 45 90 -153 -179 61 -235 -99 -191 -231 206 -192 -102 218 220 232 139 170 -82 177 77 -42 -11 62 -47 -116 -71 108 92 180 249 -157 -61 -172 87 48 -69 -84 188 -106 -108 8 10 176 -105 -152 112 -78 134 5 -212 109 -33 -7 -230 -107 -188 -204 -94 111 205 -173 44 -54 132 93 6 126 52 -215 -44 106 56 182 238 -180 66 246 225 96 -162 247 -58 -190 -81 -115 150 -45 -209 -134 -22 -50 -181 -239 -35 135 -111 -89 -241 74 25 -38 -132 -216 49 186 83 104 -79 -213 -5 245 73 -124 -19 38 -237 -43 216 192 -244 -158 -49 -228 -245 181 -23 -90 131 18 -182 157 72 -236 -20 124 59 165 -85 -201 -83 227 60 152 2 -77 -223 -1 191 -3 138 222 -154 194 136 113 22 29 -21 65 -31 -62 -220 231 -202 221 204 241 95 203 185 34 151 -189 -103 -87 -2 -92 -13 35 76 -185 147 86 161 -136 46 175 -18 11 -219 -147 28 97 43 -39 145 140 -30 -143 160 -24 3 -80 -67 178 55 -65 127 163 -120 -6 142 173 155 -227 141 -28 -119 4 197 -145 -59 -52 115 -248 228 -36 24 30 -118 -131 196 -76 195 -155 75 166 208 -161 -170 -74 57 118 -221 -32 -224 224 144 -48 190 -70 184 -75 -233 -140 -34 -95 17 82 103 19 41 -96 169 89 88 -142 -66 -176 159 223 133 -114 174 
TEST 62 ARG:150 224 -68 -20 220 214 -171 -217 209 -175 -58 -137 -149 -166 199 -73 94 -249 201 -195 -201 188 148 191 -47 -169 -95 -202 177 144 -215 202 -110 -27 -179 -238 -11 217 120 197 48 -79 6 124 4 9 96 22 -22 145 90 88 -129 55 230 -25 -90 -19 -159 52 -174 98 -182 243 -247 -139 225 -84 -74 21 -92 -186 -85 16 13 -83 -26 -245 182 130 -107 -212 -119 -114 219 -207 -244 -123 128 -46 73 166 -205 -21 108 221 152 -136 -211 179 -163 -246 18 -177 5 168 41 33 70 84 213 83 -151 91 215 -43 159 67 194 -230 -200 65 218 198 60 45 -81 -13 -237 133 -65 -239 244 87 -60 -29 43 -5 61 205 77 -222 204 40 129 -158 -41 -102 -242 32 203 -156 -97 143 -204 71 160 -199 81 80 -17 34 -89 -173 222 -70 7 -172 -130 -14 62 -143 -49 208 -227 -34 156 206 167 27 134 51 -153 122 -220 -164 233 216 240 183 50 -165 46 -100 -63 -9 58 -86 -112 114 -61 -115 164 -191 -117 -1 -24 69 -190 53 -214 86 95 74 -103 -155 -178 193 63 20 -132 -187 -121 -55 36 234 -94 -15 -69 -234 19 125 190 -236 -42 -193 -76 -16 -7 105 -28 47 157 -118 231 31 -62 116 -221 64 -192 -66 103 100 -232 -98 142 155 -135 207 -154 247 137 -108 -87 -44 -78 -162 138 106 -48 -101 109 107 49 10 175 -152 151 180 169 -183 -138 -40 1 236 146 56 184 97 -64 -148 -50 -233 -59 112 132 102 8 195 26 123 -250 212 -128 110 245 -208 75 126 -125 37 -111 -10 17 39 -210 -30 3 -181 173 44 -161 131 -134 158 -32 -229 -168 196 -243 82 174 -33 92 121 93 23 -82 -8 -36 242 -231 117 -126 104 239 -167 -160 -180 185 238 -67 141 165 -213 -54 -176 30 66 -241 -209 237 -170 210 226 -37 72 79 -80 -77 189 -2 -189 -91 -23 -223 -99 178 162 76 200 -140 -197 -124 57 136 -106 -122 -109 101 -113 -6 -71 246 -45 153 -198 -39 38 -4 59 -224 235 -185 -127 -146 -75 78 161 89 -194 -72 139 85 -35 113 14 -225 -216 -184 249 35 15 228 12 -196 24 135 -142 -157 170 -120 -105 -206 181 -131 115 99 -147 -228 68 232 111 -12 171 -116 -188 241 172 -150 -203 29 227 -218 25 187 248 192 2 118 42 186 176 -18 -53 -144 223 -57 -88 147 149 -141 -145 -96 154 -240 11 -104 -93 140 28 -235 -52 -133 -56 163 -3 0 -219 211 -226 229 54 -248 -38 127 -51 -31 119 
TEST 63 ARG:-95 -25 -223 216 125 -242 224 -69 -1 -155 8 -239 4 -84 -243 -153 72 91 67 -41 162 144 -56 -96 -79 65 49 201 134 85 -34 227 -104 75 -86 -48 -14 -16 -43 -23 -160 234 -174 -53 29 -61 -70 14 -101 -136 143 111 -228 -54 -111 -18 176 -163 -89 218 -121 81 195 -12 -218 -149 11 150 -224 -133 248 -219 105 -233 -38 -26 -187 -102 -46 -184 -245 -232 -170 -118 -76 -57 -188 -36 -119 -24 -19 179 2 -216 -37 -173 28 -72 -180 -87 226 -130 -29 211 -120 36 -32 -165 -139 115 108 57 -64 181 47 136 -5 -157 123 27 165 119 238 191 26 142 237 -117 -230 -116 232 141 -131 -147 106 78 118 223 83 229 -225 90 190 -98 54 -115 34 99 215 156 -6 68 62 230 -68 -128 206 -82 228 -137 -186 202 -80 59 -15 177 199 -132 -164 -22 -178 246 137 -167 46 -47 -123 44 98 -45 -66 66 77 -154 -189 16 -8 -50 89 76 -107 -35 -199 -85 -158 221 43 88 103 239 -143 93 18 15 -75 73 -221 37 -141 32 -135 131 128 175 40 -65 249 96 79 241 10 -169 101 167 208 -27 -109 -196 5 -227 69 -152 -93 -175 -127 -134 173 153 51 -7 -31 -94 164 163 169 154 -97 110 -74 -103 100 113 140 -40 -73 152 178 -236 6 -159 -250 -190 233 -110 198 17 -161 33 171 180 138 38 212 -30 -179 -208 207 -88 -191 197 247 182 -192 -108 -172 -17 132 -168 155 -238 139 116 -142 -229 -206 -106 240 147 -52 84 185 -59 -150 -177 45 -55 -3 -112 -28 -231 146 -146 30 61 -99 70 -183 117 -205 -198 53 -58 109 -63 192 -92 58 -194 158 126 50 -211 121 52 0 1 205 102 148 161 -193 39 -83 -222 225 133 -166 24 204 120 21 160 74 63 -217 9 243 188 245 189 168 -91 82 -51 183 -240 -42 20 112 80 184 25 -44 127 -241 130 -210 107 -246 214 203 129 48 -124 194 -100 -249 231 3 87 -81 94 13 170 -11 -197 -49 -129 -182 86 -114 -78 -248 104 -203 -209 95 12 -171 19 235 -62 187 -145 56 -176 -215 -9 -204 -105 172 151 60 -202 -77 114 -214 -4 -39 159 186 -138 -33 196 124 135 7 166 -237 157 -13 31 -185 -156 -244 242 -90 -126 -226 -148 -125 -212 174 35 -195 -122 41 213 22 209 193 -21 -162 200 -113 -181 23 -247 -144 71 -234 210 64 -20 55 222 -71 220 -67 97 219 244 -200 149 217 -213 -151 -10 -60 -235 236 145 122 -207 -220 -2 92 -201 42 -140 
TEST 64 ARG:127 124 -191 -50 72 -160 148 202 31 -71 -1 -108 -114 39 -98 -242 -223 164 -142 16 -247 11 103 -103 137 106 -115 -220 -44 -219 -241 125 194 -211 -238 30 73 -84 66 -117 3 227 -249 -199 21 32 -132 192 -7 -185 -8 23 141 70 -210 -148 17 191 -89 -144 -179 113 -23 157 120 193 -99 -29 97 205 -94 -14 -188 -21 173 -75 217 206 -186 -93 241 67 216 -67 209 130 71 135 -216 50 220 -248 48 201 -59 167 242 222 53 -90 41 245 196 198 78 -15 -244 151 -5 -53 -169 183 -163 -110 -9 214 -52 -207 -34 -204 14 -230 -77 -60 210 -88 -250 182 -58 -218 237 69 -35 20 -36 152 -48 1 -105 -214 118 203 -232 -10 -206 236 -54 -68 119 -32 -172 -81 199 111 -118 139 -131 146 35 -194 -146 -166 24 -195 -4 -40 -236 247 -28 248 -135 -116 -102 186 -136 109 243 -143 -170 -150 102 9 -96 -76 94 -56 -95 229 38 56 -137 75 -202 -213 114 2 -167 -192 -198 -57 -201 195 0 -217 -153 -113 -130 244 -6 -151 -173 -20 -12 -175 -203 90 178 -176 -193 -208 -3 -212 153 100 231 87 160 116 -162 -227 -225 -128 84 -42 171 138 59 -26 117 -92 -182 68 -234 -39 7 26 5 246 -100 204 200 40 -133 -197 45 -222 172 -106 25 -155 -107 57 -19 232 112 -190 81 132 143 -138 156 235 -178 129 -79 -165 175 -134 -240 133 76 98 -157 -87 213 -65 140 -124 92 51 -245 -2 -66 -122 60 181 -168 169 190 52 -221 161 158 -120 85 65 83 162 -121 165 -141 166 188 -97 142 -129 99 -91 15 185 228 219 13 -82 -205 43 -239 10 131 42 -25 55 63 -33 -45 4 -78 174 -235 54 163 -246 121 147 -104 -196 -64 -43 12 -237 -226 -41 122 238 159 123 -55 22 -111 184 27 155 -215 -159 170 126 86 -22 218 -149 80 -27 -62 18 -80 108 -101 104 77 -85 -154 -228 -164 -74 -161 -47 221 223 44 189 -24 74 -189 -109 64 -37 -127 -51 -147 -13 37 -200 226 212 176 34 -30 -11 208 29 180 -16 8 134 128 -63 149 82 -183 233 95 -156 105 -243 249 46 211 -181 -145 207 -123 107 33 230 177 93 -174 -72 239 91 -158 145 -18 197 -86 -126 -31 168 89 88 144 58 -119 6 136 224 -233 -70 -224 -125 -171 96 -139 240 -46 -231 -209 150 19 79 101 -61 -187 187 234 179 -83 225 110 -73 49 -177 -152 215 -38 36 -140 -69 -112 154 -180 115 61 -49 -17 -229 62 -184 47 28 
TEST 65 ARG:59 244 161 215 69 62 224 101 110 -233 237 212 79 -120 239 57 -90 -196 247 117 -240 -42 -68 228 67 -38 -127 207 221 49 -204 -43 155 78 48 10 13 -169 36 233 181 24 183 -34 -190 -13 103 176 31 182 -188 108 90 -75 -25 179 93 -238 44 -40 33 -126 25 -4 -63 -102 -10 163 151 154 46 -217 234 -244 -112 -181 118 -122 -175 -11 -215 -210 -139 133 113 -83 130 -223 -206 -230 -161 -81 -172 20 208 3 167 -104 -224 -142 61 206 -136 -72 209 -41 141 -99 21 -74 -113 180 -232 -57 -192 -6 -166 -164 -77 -92 -119 38 1 37 240 223 -20 83 27 12 87 77 171 -200 166 112 -97 -218 135 43 -3 -8 -45 -246 165 -55 -130 173 186 -133 123 -32 -213 -96 96 104 -79 -182 -152 98 -9 -189 241 -174 66 -95 -37 196 189 168 226 99 -216 175 124 -16 205 132 -27 -7 -138 2 -89 160 5 -180 170 227 51 -110 218 -248 -235 153 105 -159 42 192 169 -56 -229 -80 -47 -225 -243 115 139 -87 116 -247 52 137 -70 -156 -62 -23 -137 -116 102 60 -59 249 -60 -109 45 -165 22 216 217 -187 88 40 106 7 -19 152 -234 -147 -54 -94 -100 54 -125 187 201 -140 -31 149 -67 -249 213 -85 32 -194 -176 -121 -237 -191 222 136 107 -153 129 -124 146 23 -115 50 84 157 -241 -245 -231 143 -73 75 -21 -155 246 -141 -35 210 -64 19 -44 0 -158 198 39 -239 147 18 -22 70 14 -111 159 -49 -183 -207 131 95 156 -53 145 6 85 148 -76 -195 -250 -123 -212 -128 138 68 193 80 -36 -103 -242 144 184 30 100 230 188 -163 -160 8 -17 -5 -132 -149 -197 219 -98 16 -101 -193 64 -209 214 -29 128 220 -154 142 82 -135 -171 -108 15 73 -78 -86 -173 -198 -228 -186 97 -134 -105 120 177 34 242 53 211 114 158 119 126 -129 -12 26 162 229 -219 -15 9 -145 -177 174 -28 -24 125 -46 89 -208 127 150 -117 -179 194 -18 172 248 -14 -61 204 11 4 -143 225 58 41 134 -65 17 -107 -201 -146 -157 197 -221 -227 -131 203 -26 -71 -58 191 140 199 236 -52 56 86 -178 47 245 -226 28 -118 -168 -185 -170 -33 -106 -93 109 190 74 -82 63 111 81 -91 -236 -66 -202 231 -51 185 55 35 -48 164 -184 92 91 178 -162 -148 -214 -167 202 121 200 -222 -151 -220 -1 65 -30 -50 -39 195 71 -144 -150 -114 243 -203 -88 -205 235 29 122 -2 72 94 232 76 -84 -199 -211 -69 238 
TEST 66 ARG:-91 12 -74 -140 188 152 -71 129 -212 -35 -38 -70 -129 -158 150 42 -146 29 -115 -160 127 215 236 -68 -114 110 -219 86 -165 100 64 139 20 109 192 55 196 49 21 -159 -198 -245 224 36 195 -108 157 4 -133 -236 19 53 38 153 178 68 69 15 -24 77 -73 75 -1 169 202 -216 84 -237 147 -75 -106 -4 -250 -105 -33 -151 -185 -9 246 125 -17 5 -126 -67 81 230 50 167 -12 -80 -176 209 -150 79 -58 -104 -96 97 142 183 229 -94 120 -246 186 -53 151 11 60 -107 -97 -241 -117 -208 -249 58 135 -57 -125 -177 181 -112 -69 -99 -103 247 -32 104 17 0 222 133 93 63 205 -101 85 190 70 -15 -190 8 31 -132 225 1 235 -210 90 201 101 -51 -11 -95 -195 -62 -231 -184 -203 37 214 -43 54 -170 149 -154 113 -192 -130 74 -113 216 -247 13 -243 59 -238 41 30 -6 33 -122 119 136 126 -128 -23 249 10 -222 -116 -31 -227 78 -223 99 -148 245 -144 25 -152 131 206 -206 248 -131 -8 -209 210 -134 173 -56 -147 -239 -65 18 227 -224 240 124 -54 62 -137 -22 -230 -173 -186 143 -229 56 -143 137 -72 -98 -182 14 208 95 -84 -89 -82 108 -199 -145 132 175 199 -153 -45 -166 -138 116 -218 234 -228 39 -188 -167 242 -77 -63 -92 -194 -178 -172 -42 -19 176 51 -41 -60 -55 106 -37 -183 217 207 233 174 -201 166 47 94 138 111 -3 -16 -93 -85 46 159 146 -240 -87 -102 163 -175 -7 -149 -248 -179 -193 158 219 165 -52 66 194 243 -169 35 -157 177 -81 213 88 -79 2 -28 -90 122 87 241 -155 91 -118 145 -225 -232 -25 184 -162 102 -168 204 3 -124 -109 156 -78 -220 -76 -161 123 164 -174 115 -36 -13 24 27 -197 -86 -2 -181 -64 -211 -5 118 228 185 82 203 223 191 -221 -214 107 -29 -21 98 45 -156 -100 -135 40 182 -40 -88 34 -27 16 220 162 226 -215 218 155 57 -226 128 -205 197 -39 -119 -142 212 -48 168 121 6 112 -50 -141 141 171 -164 80 130 189 22 96 -83 105 114 187 103 -34 -49 -180 -171 -20 -47 -139 52 179 -14 -202 -233 231 32 -121 61 -191 -234 -18 92 -187 7 67 83 -196 -120 161 71 -242 144 9 244 -163 117 23 -136 -66 -26 -44 -217 76 89 -213 211 140 170 198 -200 238 193 154 237 65 232 48 72 -110 -10 28 44 -189 134 200 -204 -59 73 180 -127 239 -123 -61 -207 148 -30 -244 26 160 -46 -235 -111 43 221 172 
TEST 67 ARG:16 -190 203 -113 196 208 161 42 98 -234 49 -194 101 198 -148 -197 30 215 -11 -94 -55 148 53 -28 -139 88 162 5 169 122 113 110 -88 222 129 -56 -15 -154 -42 -166 -1 237 -174 -216 -83 -179 -120 51 -132 75 -81 106 179 -5 -45 -130 167 -7 230 166 -57 32 186 56 -235 -50 61 6 134 -106 -176 138 -61 62 158 197 -23 17 21 23 -53 90 224 64 -109 164 -225 -20 69 228 -18 92 -171 -188 -238 -186 -196 -103 151 157 -214 24 121 243 52 240 -35 155 209 97 82 220 190 245 -145 212 187 -138 33 -243 -207 233 -211 -203 -230 -141 -51 149 -233 174 76 229 -40 50 178 -181 63 -22 -146 -129 -100 -201 168 -200 -240 -72 117 137 46 -170 112 -21 -91 165 -172 -29 -202 -182 -64 152 -160 -49 193 -224 93 -143 -60 -123 -99 217 11 -25 160 74 219 4 -147 -19 -79 1 248 -205 -107 2 183 -126 10 -119 119 84 -65 -97 124 -149 241 28 37 -241 0 156 111 -33 59 -89 -156 8 -133 -6 -78 -151 -213 13 -134 -127 -152 -184 -150 127 -165 173 235 73 -192 189 -90 77 -131 175 -164 100 -212 -247 -167 -232 -68 54 91 -191 -227 204 -84 41 125 65 -38 70 142 -73 -204 -236 -111 66 128 -125 200 195 -4 -9 192 -239 -52 -173 -104 -114 201 -217 181 -168 36 55 -195 -101 86 -58 246 -244 7 -117 -116 -43 -115 -177 140 -136 39 191 94 -71 105 18 -77 -110 236 249 159 216 -32 -95 213 147 -2 238 221 25 60 57 188 -169 -180 -47 -175 232 -63 -159 150 3 -39 72 -98 108 38 -163 68 115 109 -142 153 180 -249 35 -80 22 99 83 185 -85 -209 -162 214 -12 -30 -46 -8 -54 -105 234 15 -206 -220 -187 182 -75 -3 136 -66 -161 -93 -157 126 146 131 -13 -219 -62 231 -27 29 171 143 -135 116 -208 141 -102 -14 194 26 -231 -59 34 -250 132 -178 -221 89 -242 -183 -122 154 40 -26 -222 211 12 -193 71 163 -153 -112 31 -189 210 27 -229 206 -87 -121 -155 202 -140 242 43 -48 -124 -237 -210 123 -226 -10 244 223 207 -199 87 -69 -31 139 227 225 247 -24 96 -118 135 58 102 -37 14 19 239 95 85 -36 104 -246 44 120 -248 80 144 -198 -92 -245 -128 -41 -215 -137 -108 103 172 176 114 205 -67 79 -34 -82 226 67 -228 -70 -74 -185 81 199 9 107 130 48 -44 170 145 -96 -76 218 78 133 -158 -17 -86 20 -223 -144 118 -218 -16 45 184 177 47 
TEST 68 ARG:86 -32 -23 -14 -245 -160 19 -1 62 -209 11 -17 110 192 52 158 25 -145 -125 -9 -45 -138 -82 -231 -120 237 90 146 -186 6 -95 -77 -107 -96 164 -50 -73 46 77 -88 -109 1 161 -157 -126 -204 -99 100 93 230 122 -91 188 17 -38 -239 -63 -112 54 159 120 -21 76 65 -31 5 125 81 106 113 -4 131 27 -222 130 -2 212 239 140 157 -25 -105 56 42 98 116 -226 155 165 194 249 154 -159 -78 151 -114 -84 -72 20 143 -36 184 -176 -177 -146 -11 55 -134 231 80 -155 235 -100 -132 78 -210 -10 97 -113 15 -237 -124 126 223 153 -62 -188 134 -59 -102 -143 -191 -172 109 -178 -142 -223 -41 -6 -79 99 -192 228 -115 72 58 240 204 -57 -169 166 66 -225 -158 177 -8 -248 87 -16 172 179 70 -22 -34 -110 244 232 10 205 74 -242 145 217 -153 -249 67 111 -119 -202 216 114 24 162 -54 -221 121 -61 150 -117 -213 243 242 -220 -151 -103 108 219 141 -71 -228 225 -216 -185 -3 229 -196 103 -26 198 44 196 -127 82 -224 185 14 13 107 -111 226 3 40 104 -170 186 0 -56 12 -85 202 -5 222 -148 89 69 -104 112 41 -92 -152 187 102 214 213 -175 95 59 -27 137 -238 -106 -121 -205 233 -171 -208 197 -241 50 73 -140 236 -97 -47 138 -164 -199 168 149 -19 -218 -24 22 190 79 171 -190 49 -80 -166 23 88 -244 84 -49 38 -247 -137 31 -167 -235 -217 33 189 -230 180 34 71 -129 200 -229 -197 207 -53 156 -195 -227 60 245 -42 218 -89 -180 -189 160 139 234 167 51 47 -15 128 -35 182 152 206 132 -144 209 -206 -219 -118 119 -234 -130 -136 32 -187 -108 -93 170 101 -141 127 -75 -43 142 -122 211 -133 203 124 105 215 -236 -87 43 -76 -161 -181 201 -200 -214 -30 16 63 178 147 -48 174 -246 -135 -94 -46 28 -101 -66 -232 -243 -139 -182 -40 -60 21 248 183 -193 -168 -13 2 -28 148 123 -37 57 -123 247 136 36 -81 37 118 4 -20 -147 53 -184 83 9 91 -64 -98 18 -174 199 26 -240 75 144 -70 -183 -39 221 30 175 35 191 -150 -90 -233 -128 7 -18 94 61 173 117 -44 -179 -201 64 -7 8 -29 129 163 176 -165 -68 -198 96 -69 115 -12 195 -215 193 -173 48 -74 224 -83 169 -194 238 210 135 -116 -58 92 -207 45 -33 -250 181 -211 -86 133 246 -154 -162 -212 68 -149 220 -203 208 241 85 -156 39 -67 29 -51 227 -163 -65 -52 -55 -131 
TEST 69 ARG:190 -118 92 -100 -166 -234 -128 114 27 -245 69 -129 87 -23 -114 189 -38 -96 -60 134 222 -103 -188 229 5 65 -179 -177 -153 111 232 -133 -110 54 197 38 108 82 156 -106 -219 209 109 -192 183 144 -44 164 147 221 -54 191 -134 149 -16 238 -238 49 7 74 -116 188 205 -119 181 216 47 -61 -142 30 -202 97 14 -123 240 -175 57 8 236 118 48 -70 -67 34 -17 -172 -30 23 70 163 -189 228 154 233 151 -237 110 56 196 125 67 128 153 -80 -150 -243 -87 155 185 -229 -159 -121 120 -88 -29 195 178 186 -14 -168 20 -82 51 204 106 243 -125 -215 166 19 -170 -7 -174 -187 94 -52 212 242 141 -156 -227 -64 115 200 66 15 -34 18 -124 76 -198 32 -58 -111 -157 -161 -66 -203 199 237 -84 -86 100 31 35 36 -186 -75 -218 -56 -90 -71 6 231 -73 50 210 46 63 89 145 116 193 -191 -48 179 -55 -22 -83 17 -155 101 4 194 53 -117 58 126 68 -205 -194 -138 246 175 -37 203 123 -127 -241 187 -239 64 -81 -40 -132 176 22 -210 -217 -85 -143 -149 165 16 83 -107 -46 -208 -222 -135 -224 137 192 174 215 -211 26 -4 37 78 24 220 11 -228 198 159 42 152 -165 -184 -43 162 45 -28 52 -20 245 41 219 157 213 -69 -24 -3 112 102 241 -249 12 55 -232 -136 -9 148 -21 -236 234 -102 -92 -115 -26 61 -221 140 -126 40 150 -246 -235 -140 103 184 -33 -171 90 -8 44 230 -169 88 96 -130 177 39 -197 -145 167 -35 -91 129 -231 60 98 107 158 -180 91 9 -173 211 -160 -214 -59 -63 -183 -131 -220 201 226 -62 2 -212 -18 208 131 -199 -5 117 84 73 135 -154 -99 -36 -112 -104 -98 -89 248 -72 72 -158 169 136 -193 224 -74 -141 -139 -12 138 -185 -216 -13 -201 171 29 214 119 -19 124 -151 -248 80 -240 3 206 -27 173 10 -68 43 -207 25 -39 -204 -244 81 -15 -109 104 85 -2 -233 13 -78 -152 132 33 239 59 161 79 -247 -57 -45 -206 -120 127 227 -10 142 1 -190 139 249 -65 -209 207 180 86 244 225 122 -225 113 -6 -49 -122 21 -32 -50 -147 -181 -148 -93 217 -213 28 -51 -41 -164 -242 -25 -47 218 -31 -77 130 105 62 247 -1 143 -101 -42 170 -113 75 235 99 71 223 -223 -95 -79 0 -97 168 -196 -178 -250 77 -226 -53 -105 160 -76 -195 -137 -182 146 -167 121 172 95 -144 202 133 -11 93 182 -176 -200 -163 -108 -162 -94 -146 -230 
TEST 70 ARG:50 -203 88 214 -97 71 -176 239 185 147 -27 -34 148 121 -187 -84 150 -140 181 124 122 -125 -180 -143 70 -21 168 -215 -54 176 78 65 -48 237 55 -191 69 -196 100 144 -154 33 178 -98 -190 -103 -128 -122 -61 169 127 -63 -102 -172 231 -92 -142 186 13 -112 -45 -237 -87 155 177 -158 77 174 73 36 -73 -100 -65 215 15 -22 112 44 -20 63 -32 -46 -99 -58 -10 7 -201 -31 -2 -153 -240 -94 128 83 191 90 204 -52 -213 -189 104 126 -25 -163 -72 205 183 145 28 -250 249 -136 18 31 27 -39 -148 20 67 247 194 115 229 -162 -38 -157 16 159 219 165 -85 190 -33 -57 59 -30 -5 203 -60 -12 -239 -198 93 -178 218 134 109 75 97 -174 -37 37 198 -134 -51 -16 102 -119 39 -171 -93 -78 81 -164 -41 -1 -49 -9 139 -167 -235 -108 58 -249 108 -177 23 -120 187 -188 -166 197 -129 -208 -145 26 92 -44 123 -214 -228 170 95 17 -43 184 -236 32 149 -8 -126 -149 132 41 -118 110 -69 -55 -165 211 11 217 56 135 208 -218 236 114 -107 -186 216 146 -24 129 226 -204 60 -4 -229 -64 -138 189 -26 -113 235 82 212 -88 -36 -17 76 -221 40 0 -193 -202 -173 213 -77 -212 -29 222 87 -131 -242 136 29 -50 152 99 164 161 -169 158 -74 12 66 -192 206 -42 19 -19 96 -7 -161 91 -86 -231 163 151 4 64 -59 2 -219 52 -127 -104 -116 -137 173 -35 -6 193 -67 240 -156 -217 -56 106 137 182 22 230 -71 -101 207 -82 160 -207 188 -245 113 -197 -117 -3 -106 -230 -79 -47 244 51 -175 130 34 246 227 47 80 199 223 -13 180 -182 68 220 21 -244 89 228 -81 -115 -109 74 -185 -123 103 49 -11 57 -233 101 -226 -224 105 1 -68 -209 232 -124 -232 -205 42 -170 140 -135 8 -248 -246 86 225 -181 125 -179 61 -152 200 245 24 -23 48 -130 -40 94 238 202 153 10 -220 -114 -238 46 -28 118 179 131 241 -80 -227 242 -184 -168 -96 154 116 79 -211 156 157 162 -223 5 62 -75 -15 -160 -62 -139 -132 98 -150 111 171 248 -95 138 35 117 -195 234 -144 -89 -76 210 -206 6 -141 167 -225 -247 54 172 -234 53 -183 -151 192 -216 -199 120 72 30 -70 -194 -210 -222 233 -111 175 -243 119 -83 43 45 9 14 201 3 107 142 -155 141 -110 243 -66 25 -18 221 -53 -105 -200 -91 -146 -121 -133 196 209 224 133 166 -90 -159 38 -241 84 -147 85 -14 143 195 
TEST 71 ARG:237 92 -232 135 -176 86 -167 232 26 -229 -56 -99 -90 -245 -220 159 -198 201 -128 25 -173 239 22 208 -170 58 -21 192 -238 231 -89 56 48 -197 -150 -249 -244 146 -248 -100 153 184 69 20 -162 -52 -154 62 43 41 72 -83 -171 -18 -43 -28 245 53 133 0 -8 94 144 180 222 -195 -212 223 -156 -112 -159 -122 -143 112 -141 99 -25 226 49 114 -124 187 36 -140 5 190 -166 37 -9 -134 -74 -187 165 -113 122 -186 -34 -120 123 -169 -178 -202 129 -200 -71 124 -53 -31 233 33 103 -7 -148 -144 147 -55 157 -29 10 -228 -107 -139 64 -2 199 -42 229 -227 173 -215 -239 81 70 -189 134 61 137 -57 194 45 -84 -58 88 -152 -41 -218 -88 -133 -20 198 -17 -75 154 -69 -214 21 -206 -137 89 196 106 145 207 -104 16 -123 -172 108 -193 176 66 -80 248 195 14 60 -213 -240 105 -54 9 -188 -15 80 -237 -16 -209 -136 -97 189 84 -101 -47 -106 -5 -37 -96 -223 -110 93 -65 -160 -39 96 120 203 -82 -246 -199 54 -175 -147 -59 -205 -78 158 -67 -190 241 40 77 247 -116 118 -61 -10 132 -114 -225 242 57 246 164 -72 182 -157 205 12 220 32 177 213 168 -85 156 -165 97 -222 -93 228 -168 110 127 121 51 -235 181 219 73 191 101 -26 -19 90 -210 -181 -138 -242 65 170 148 188 47 29 -1 212 175 163 -203 113 -6 -46 30 174 28 -70 -36 55 -13 -155 -132 74 -191 -81 -77 -27 115 -3 98 211 138 -68 -11 216 27 -33 91 109 -183 50 -234 221 -108 183 -196 -164 3 217 -60 128 95 -98 225 -40 -146 172 -105 -177 2 31 -153 83 -204 139 -14 18 140 214 71 15 6 -95 102 218 68 -179 166 -12 200 76 111 186 19 234 59 24 -163 4 119 -117 52 -121 -241 67 -35 -118 -221 -50 -66 238 -92 -119 -51 -48 179 249 1 -4 -217 85 -201 167 235 -79 -87 -86 230 -32 75 -161 169 79 209 -149 -231 -63 42 34 -236 162 204 224 131 240 -216 17 -73 -208 87 82 8 -174 -131 149 -125 -111 -192 -226 44 -158 210 136 -135 171 161 -94 46 152 -184 197 -211 150 215 142 23 -127 202 35 -224 -182 104 117 -115 185 -22 -103 155 126 -185 38 227 -194 -64 -91 39 13 100 -247 193 206 -180 -233 -126 -49 -23 130 -130 -207 -243 -219 244 -109 116 107 -30 63 151 -230 -145 143 7 78 243 -38 125 -142 160 11 -24 141 236 -44 178 -102 -129 -76 -62 -151 -45 -250 
TEST 72 ARG:-235 -46 122 181 222 -151 -208 -26 -189 -98 -192 216 94 -51 248 -3 115 188 -71 -220 47 -106 -2 49 211 171 160 126 -33 -32 209 0 -77 -171 20 -93 -115 -72 36 -161 -139 -78 182 -10 33 203 69 -13 198 143 176 -169 141 92 102 41 175 -219 53 -122 -150 135 -44 73 -250 -224 -38 18 234 12 180 -158 -73 -206 17 130 -196 38 238 89 95 172 194 186 236 228 -191 -101 -179 -145 -159 159 -152 239 -190 154 -37 124 247 192 -36 -67 221 -166 145 10 -22 -126 109 104 22 83 -17 -41 58 -24 -210 -221 -87 -11 -127 -141 76 -223 118 -109 -147 103 128 193 231 -117 -15 -143 136 -237 59 -182 14 -123 -142 -135 -181 133 -48 -50 -49 -165 13 -177 16 -4 177 163 6 -226 224 96 190 -170 -16 -59 166 48 108 68 -201 165 -247 227 225 -110 149 215 -200 -180 -65 -102 -174 114 -173 -29 139 -148 -83 -23 -248 -28 229 -134 -168 82 208 249 -243 151 169 63 111 131 158 161 -199 -34 -183 62 -25 -136 -47 -154 -60 -231 -45 146 196 117 153 173 -124 -55 -27 243 -187 201 81 60 -241 152 71 -30 -128 -132 -69 244 185 -140 -133 241 -6 155 -185 7 184 212 -222 65 -162 -175 85 2 -18 -100 220 30 23 -195 -84 -104 -31 240 199 206 -85 87 -242 -176 219 -81 39 -89 -229 119 237 66 106 -7 -105 -35 -230 129 -92 -214 -204 -64 144 174 1 51 75 99 125 98 -108 107 -19 80 -216 -215 -42 -40 -155 27 64 230 50 -103 9 21 148 -163 147 -9 70 183 -193 79 157 -240 -61 -218 45 100 112 -12 -236 37 -203 57 164 -157 -246 -111 77 -94 -116 -43 -56 105 86 32 25 207 -194 -52 162 -14 189 -225 97 116 -172 179 213 113 55 -232 -53 46 -62 132 -213 -21 29 101 246 -249 -198 217 -8 -68 -63 123 134 245 -146 202 -164 -184 -233 140 218 -70 233 -245 -207 61 90 -95 127 -5 54 -58 56 -205 -113 15 -138 170 -125 -153 -80 -86 -156 11 121 232 -74 84 191 35 -167 -137 167 -202 -96 197 137 3 8 210 31 -118 26 -99 -120 -66 178 223 -97 -238 34 93 -144 -149 -212 -119 110 -227 -160 40 67 -234 -79 -129 -186 -209 -112 168 72 -239 -197 -39 156 -82 -20 -121 -76 -57 24 205 74 -228 200 138 -131 -91 -54 120 19 88 43 226 44 -75 -88 -114 204 -107 -90 214 -188 -244 -178 52 142 5 235 150 -211 4 91 -1 187 195 -130 42 -217 78 28 242 
TEST 73 ARG:-124 -70 19 -85 -41 -62 193 -98 -68 51 -154 -46 -86 -226 85 -172 -10 246 76 -105 242 196 21 50 158 94 -45 -207 -116 -151 168 -28 132 115 -185 -39 -148 194 27 -240 105 -228 102 3 -61 -204 -239 -179 170 190 -175 16 200 24 -171 -164 52 -160 -125 -219 -32 112 -4 32 -220 -242 -99 -13 -159 -79 184 -36 -155 100 237 177 -44 -25 -122 83 163 -153 174 -11 -156 140 -190 192 -243 -137 146 -126 171 -133 75 154 -114 -22 6 -66 211 11 78 65 151 -245 -82 10 108 17 145 -127 212 -178 -165 -128 129 -43 -139 8 2 -75 46 -16 -225 182 -143 -3 203 -112 -134 72 -161 -123 232 106 -71 53 -217 119 28 -52 -120 167 -224 220 1 -17 191 -77 247 133 -53 -246 -97 -2 -109 56 172 -213 164 210 175 221 60 216 -108 -95 -227 66 -59 -195 -140 -29 -57 62 31 23 55 -54 121 235 95 -84 -149 -234 -208 -231 144 -209 103 -188 86 173 43 228 141 -169 71 214 225 139 -147 -30 80 120 159 -20 126 -146 -67 185 197 -132 -249 -162 79 -184 64 74 45 155 -74 -191 -48 -163 5 -24 -33 -19 150 165 181 -55 -202 -6 -192 44 -150 33 -96 222 59 107 -64 -111 99 125 -236 136 90 -5 176 25 147 92 -235 -18 -49 -142 166 201 161 70 -136 -222 -176 -183 -199 137 -198 198 34 169 213 -244 134 104 63 37 -237 -203 -138 -186 29 -241 187 -7 233 -1 38 -87 96 -206 -51 0 -247 -218 39 -89 215 149 35 204 22 -56 -113 148 9 69 -106 -173 -229 -180 123 -168 -211 -170 -205 202 229 -90 88 -158 77 -117 -76 219 124 189 138 -145 -221 217 57 84 54 -181 -201 -104 -92 -131 239 248 -35 109 -193 -60 249 199 152 142 -63 -223 156 48 14 224 -200 68 61 36 162 -26 -118 67 178 186 -248 82 98 110 -144 183 91 180 238 -110 -40 -73 4 15 41 -100 179 236 118 -102 -215 -83 -93 122 93 -135 117 205 -81 -14 188 230 -8 131 -107 -250 143 -182 -103 -72 -42 -196 -23 153 -167 -174 -177 226 209 223 18 30 -214 -233 -65 -194 195 -157 -69 -38 -50 -166 234 206 -94 -212 -130 -189 -80 243 -27 73 -101 231 81 -129 241 245 227 244 97 218 -58 -230 -12 42 128 7 26 -152 135 130 208 89 -37 47 -187 -216 -119 -47 114 12 113 240 -31 -121 -238 127 -232 -9 -141 207 -78 49 111 -197 -15 101 -91 157 -34 87 13 160 20 58 -88 40 -115 -21 -210 116 
TEST 74 ARG:-195 45 -113 181 -179 -112 -99 -242 188 -114 178 135 -175 -38 206 -229 106 175 35 195 -18 130 -216 194 -131 -176 -215 4 -43 -222 60 87 -218 244 -206 -213 6 -64 -106 -199 -31 -210 -86 54 -87 -83 163 -190 104 -27 180 5 -53 -49 -152 -122 -108 30 -62 74 -66 -250 -137 -24 -23 46 218 -2 3 -136 -128 -118 -103 199 91 19 241 137 -54 86 7 209 79 120 -139 -237 -72 129 115 243 121 235 -69 -189 -148 101 112 99 -73 -180 246 169 158 -162 162 51 172 127 -9 -91 -50 0 67 83 141 114 44 -95 231 -201 220 123 100 53 -177 -36 228 96 -160 -68 -123 167 219 152 -41 -45 75 -67 161 125 212 -211 -202 20 -130 -145 -101 222 179 -34 109 -239 -221 10 22 -117 -55 -200 -208 -224 239 -198 -149 21 23 -219 -47 166 92 90 88 82 233 -150 105 80 -161 248 -4 98 247 42 -249 217 76 -244 -58 -236 -214 -85 -230 -205 -17 81 140 -156 -110 48 139 33 118 -10 192 -89 148 97 -20 128 64 107 -32 171 117 17 69 -46 173 185 -42 1 28 157 165 184 198 65 -22 122 -15 238 186 -171 -170 -79 85 -98 -48 -120 -135 207 133 -88 -5 124 -111 63 -238 -82 -184 -126 134 -51 -84 215 -243 -39 -153 58 -172 202 -178 -107 110 84 -81 -28 -105 -127 -65 38 147 -129 -227 111 -119 66 144 136 -228 34 -181 -142 154 -29 -235 56 52 -71 14 237 -124 190 -116 -115 -90 204 -1 11 -37 49 -155 -11 -174 73 61 182 -226 -164 232 31 -241 -60 47 -104 -207 197 18 -159 70 236 142 2 203 68 -70 -125 -248 164 168 -234 230 249 -147 116 32 -8 27 9 -92 -35 -217 -109 -167 145 -157 -212 -165 -154 -140 -187 -12 -186 191 201 -134 -132 210 -182 -209 26 189 245 -240 55 149 221 -40 155 -63 224 -138 229 -16 93 -97 205 -3 72 183 -166 29 -196 8 108 176 -44 -52 -220 -197 -232 -100 227 -57 102 143 214 -183 196 240 12 -204 193 -76 170 223 25 146 -223 -19 226 138 131 62 24 208 -203 -30 159 -169 94 -193 -144 -133 187 -233 150 -96 43 -25 -7 -26 50 -80 -121 36 -146 16 -194 160 71 15 216 -59 -56 -143 -33 -21 78 153 -246 211 59 151 -247 177 -61 242 -78 -93 -185 57 -188 174 200 -168 -225 -14 -77 132 40 -151 119 -75 77 -141 -102 103 -245 89 39 -13 -163 37 113 -6 -158 41 -192 213 -231 -74 95 225 -94 13 126 156 234 -191 -173 
TEST 75 ARG:206 166 -62 154 -181 -159 169 6 -236 181 227 -246 -239 218 70 -20 2 86 -237 37 -32 -215 148 186 23 91 244 114 -60 -5 -164 59 46 194 -139 175 26 25 -11 163 -238 33 211 246 110 -86 138 -100 44 134 85 -213 40 -4 41 216 92 127 -46 -8 -57 -137 136 -242 -122 51 101 -38 -51 -27 156 195 -226 -180 111 -170 113 141 -160 137 196 201 -97 165 179 -189 145 -67 57 102 172 -129 185 -204 -227 -49 72 230 108 -48 224 -191 118 -77 82 -235 153 164 -30 0 152 -148 -24 -121 -172 128 232 189 -7 215 -247 -173 143 -115 99 -158 139 -69 3 231 -31 -82 -66 125 -9 -83 167 220 247 -142 80 -88 -26 -169 18 209 -229 -109 -197 21 84 -221 -133 62 222 28 158 -128 151 90 248 95 142 -37 14 105 -98 -149 198 -131 89 71 -101 -110 -90 74 187 -65 -211 -119 -192 157 129 -105 146 -228 8 -163 45 202 15 -231 -153 -87 -187 -138 -244 -14 43 -102 184 -84 170 249 178 191 -78 -1 -13 -225 53 -157 207 -89 4 -63 -41 107 10 -54 -117 34 -118 210 97 226 225 -134 -23 16 -182 -73 155 173 -168 65 238 200 64 83 87 -136 48 100 147 -196 69 49 -21 131 -64 -96 217 81 -216 233 208 -194 29 66 221 132 52 -202 205 22 -199 -217 -81 -234 -243 116 -132 -220 56 -130 -17 -140 -165 -106 -206 60 -79 123 12 149 -19 -207 -152 -222 -108 -56 -74 42 -135 234 177 32 -248 122 -171 -123 -232 88 73 -58 35 -72 -43 203 -177 -85 119 121 -240 168 219 47 214 -93 -70 -230 -162 245 -179 190 -198 -183 135 5 -15 -25 204 236 20 213 192 55 27 117 -184 50 77 -161 -193 237 -53 239 -224 -94 -233 -50 159 -205 133 94 -201 106 24 -112 -219 -6 -52 -113 93 -22 -188 -10 183 -33 -209 -47 -145 -124 174 242 -16 1 -76 11 -107 -155 -36 103 171 112 -3 180 240 -175 -114 31 -45 -75 19 76 -68 96 -156 -200 -18 17 -99 38 54 -147 197 -92 -71 -146 -125 150 -120 -44 223 160 -34 9 -223 -167 243 -151 -59 -55 -141 -127 188 193 -176 235 -42 -249 -95 -28 -61 124 212 -166 -208 -2 140 78 199 79 39 67 130 -218 58 -40 161 -214 -150 -241 75 -12 241 30 -91 162 -203 -250 109 -116 7 126 -144 -111 -103 182 176 228 144 -154 -126 115 -195 36 -80 -104 63 -174 61 229 104 -143 -178 -212 13 -210 -186 68 -29 120 -39 -245 -35 98 -185 -190 
TEST 76 ARG:-157 -41 63 233 211 173 189 -12 -135 -127 -36 71 237 174 -220 221 -180 243 -58 247 159 55 -208 160 21 105 -244 10 24 223 -232 -38 -186 -45 -243 36 -185 153 86 131 -213 -222 -20 133 -86 -224 107 -179 128 246 -248 9 100 -98 72 -249 -124 84 -100 -142 62 -178 191 -236 75 66 15 185 -114 209 -81 186 220 231 -26 6 27 -120 -96 -189 -123 -6 -121 166 76 -122 -156 208 -129 26 -59 -217 97 142 235 -90 155 -10 -192 -175 203 -140 -74 -17 125 132 -169 110 39 -48 167 248 61 -50 227 -34 175 54 91 -49 -143 96 -92 127 11 12 -105 149 58 239 198 -188 -33 -167 -22 161 139 -216 -172 -60 23 92 229 69 -69 53 -93 25 195 217 -150 -111 -80 -230 -133 -215 215 -42 -212 118 201 -40 -159 196 7 -89 120 -3 218 129 78 -106 89 30 -151 -30 -9 -166 81 150 184 -196 119 16 -66 -228 193 -177 -55 14 -117 126 -183 3 -219 -171 206 165 145 -99 135 -63 -193 143 -61 245 -25 -218 20 -165 -148 115 50 -109 168 169 -223 -239 181 67 -11 -44 -210 74 116 37 121 177 52 -62 -214 2 -82 -29 82 152 -77 93 147 111 -225 73 134 176 -154 -103 -13 -95 106 -46 83 -231 207 -78 -206 -137 200 13 224 -181 183 -134 -191 -168 -209 130 163 59 42 171 -190 -145 -28 136 -7 -107 190 -136 -233 -47 31 -2 234 -246 219 114 216 225 -83 -226 -227 226 98 43 151 -24 85 -138 -79 46 -71 -27 -176 -57 -170 19 212 154 109 -94 202 -194 -238 -205 179 -250 68 214 -146 38 -147 70 157 22 205 241 18 -4 -125 -211 35 -110 187 -5 60 64 244 -112 -76 199 -207 204 -39 49 -195 124 -126 -247 -51 -141 180 -202 182 5 -204 102 -43 123 -132 99 -73 -87 -116 -187 192 -197 103 137 -75 48 122 -68 -237 146 -31 8 148 213 232 108 -54 -65 -108 -118 138 -56 228 178 90 210 -88 162 197 29 -139 117 -234 -155 -67 -119 -229 80 -101 -15 17 -21 113 -23 242 -16 -72 -164 -91 156 -115 101 -97 222 51 -221 -70 88 -203 -162 45 -158 47 141 -35 -104 -149 -19 -32 -173 -53 40 95 87 -184 -200 1 34 -85 -84 -201 -163 144 32 -242 158 170 -130 194 -235 -152 -144 -37 -113 240 28 -174 172 44 -199 -52 238 -240 112 104 -8 77 -241 -14 65 -64 188 56 41 4 -131 230 33 140 -128 -245 164 94 236 -102 -161 -160 -153 79 57 -1 0 -198 -182 -18 249 
TEST 77 ARG:-28 -157 -80 56 167 -237 -74 106 154 59 243 -232 -193 140 46 -52 137 -220 -102 -21 -132 20 -234 -246 123 -8 54 -125 220 115 -36 170 -114 -97 -58 -159 -126 158 -48 63 -10 -231 166 -240 -119 178 -123 -14 -40 -219 -95 156 74 204 189 244 206 147 188 -110 177 88 231 3 -216 169 -18 213 -113 -158 -183 93 -172 162 22 184 -212 249 -185 15 110 174 -12 183 -218 214 -71 -93 4 -129 221 -38 118 13 109 -120 -162 75 -202 52 -151 124 -143 -165 71 -214 98 -199 -140 -47 240 171 -211 84 -57 217 -96 212 159 -238 -5 -77 -170 142 -235 -37 187 148 -84 -70 -242 203 -166 -92 -90 233 -13 155 39 -117 -94 38 -138 -23 -203 180 181 236 242 -106 201 -179 103 -221 44 -195 12 41 31 80 175 130 -198 -116 23 -174 18 100 111 -249 -136 228 -148 6 239 -226 143 27 237 -68 26 -115 -103 -168 -109 7 34 -43 199 51 -79 49 -250 94 -247 77 78 208 70 -164 179 135 -209 139 66 -146 -128 -59 -217 114 36 -194 -176 -27 -64 -54 1 157 -191 146 216 -245 215 -178 -248 -82 43 -86 -243 -72 -75 193 8 -76 -207 -163 -187 -55 -145 -171 -51 79 -227 122 127 69 -241 -104 76 48 -3 -17 -44 -32 136 -41 99 168 17 37 32 134 -133 234 -160 -239 -200 -177 82 -150 -101 -100 226 -105 -62 -223 -173 229 138 -42 205 -20 -141 247 -83 209 195 25 126 83 210 -137 -210 21 -22 232 129 -182 -154 172 24 -127 -124 87 -225 151 119 5 -11 -184 -29 219 -228 -108 105 -188 161 60 144 165 85 -135 -142 57 -61 -130 90 218 64 35 29 -85 -30 132 230 207 14 120 152 -208 -25 -15 97 198 -224 -98 -31 -189 -175 -81 117 101 -99 -112 133 50 -91 -215 0 -16 224 -87 91 -78 248 -66 89 -118 104 -19 -39 19 -26 -53 10 -88 92 -196 121 -204 -144 191 173 40 -111 -152 -1 -167 -107 -7 196 112 200 -65 -73 246 225 164 -155 -190 55 42 86 107 141 190 -9 -50 116 11 125 -134 -56 -181 -139 -4 160 241 102 -197 -122 95 202 149 223 -186 131 65 150 235 -244 -69 186 45 -24 -121 -206 -229 -2 61 145 238 153 197 16 -153 -213 47 81 -45 -6 96 28 -192 33 194 222 -147 -180 185 -201 -34 211 73 176 -35 182 -149 72 -131 -67 -236 227 -233 -33 -46 67 192 -60 -169 108 58 9 163 62 -156 128 68 30 -222 -161 2 113 -205 -230 -89 245 53 -49 -63 
TEST 78 ARG:-90 -48 90 -93 -243 0 244 102 245 172 179 -112 157 207 -53 -174 26 -79 235 -142 239 32 -129 -57 152 -40 92 155 -108 -80 -60 213 -205 197 129 116 89 111 -64 -20 -14 -22 -170 159 234 246 -100 -216 -30 -203 -232 75 -26 -150 -180 61 39 -81 -173 -7 -210 -35 169 94 -72 38 -198 240 -63 173 -197 -226 226 95 -200 -172 -126 -124 -187 -13 205 -70 -130 216 -237 -213 136 58 -178 67 -219 -27 80 81 -149 195 123 -59 -153 52 248 74 64 164 163 -164 -148 174 218 -235 -114 -34 -179 -249 -117 63 -38 -120 70 -116 7 -212 -39 -233 231 99 55 127 17 130 -66 -167 -161 133 -75 185 -215 141 -171 -61 -229 27 220 140 -113 -185 228 -143 -65 -3 54 150 -211 117 165 190 178 201 -101 51 12 5 -44 142 176 68 -165 108 -228 25 -246 -43 238 76 110 -8 -134 65 20 77 -220 -9 48 122 191 118 229 168 -91 -168 -169 242 143 -121 183 146 -73 -209 219 -106 -86 199 171 208 -52 29 227 247 -11 -188 120 147 44 115 -182 184 -127 192 47 -155 41 194 -193 -206 14 -244 114 49 134 160 -204 -159 -247 -109 -92 -133 -196 237 -122 177 119 -51 -42 -45 -224 -104 37 109 -98 13 -250 -144 82 -194 107 188 53 -21 148 -4 203 -62 11 -23 57 22 104 -248 -199 214 -184 -107 236 202 -139 -94 211 -58 -186 98 86 9 135 -85 36 181 -56 -102 126 149 -2 -128 180 46 175 200 206 -145 -47 -218 -67 162 230 -83 243 -18 -137 -147 193 -74 -115 196 -96 59 -163 -214 170 -110 93 232 -151 187 -24 -225 217 28 -41 16 -158 -36 -191 -32 249 125 -234 139 -238 -138 -123 1 33 78 112 221 84 -87 128 72 -217 -119 215 -125 -152 106 -84 -177 6 -77 224 -166 42 97 -208 153 113 -241 21 145 -17 204 -195 -157 198 -131 87 -183 -230 -16 -190 -28 79 -99 -37 -82 -135 209 -202 161 101 105 222 62 -176 131 66 23 121 156 -146 56 35 -49 -141 34 137 -25 -140 -19 15 225 -46 -189 -162 4 103 -6 45 -12 -227 85 -156 -111 -10 -68 60 144 24 -221 -245 100 -33 -78 -97 -54 -71 91 31 -222 210 50 -160 -175 40 69 -236 88 151 -89 -239 73 71 132 -223 233 3 -69 30 -5 83 10 186 -201 -76 2 212 -15 -105 241 -242 96 -118 8 138 182 -103 -31 -132 -50 -207 124 43 -192 -154 -29 -1 18 158 223 -181 19 -240 -88 154 -231 166 -136 -55 -95 189 167 
TEST 79 ARG:-82 135 -114 -186 -174 -232 -12 -141 -244 -155 -193 -125 -187 69 110 -207 184 56 -231 246 195 -67 -31 -221 -215 -166 -53 -203 -50 -17 174 202 -21 -32 -235 -138 -224 172 -100 -122 -41 -146 -68 -75 -35 32 -98 -169 153 -222 -212 -39 65 216 -43 -27 115 -56 -233 -173 -156 -195 -8 -55 219 -223 3 224 114 49 -107 209 -96 -168 137 126 52 220 -62 -243 206 166 -64 -89 -151 139 100 214 190 -36 182 -102 -167 -63 -216 -108 -248 -97 -128 11 232 243 -129 -196 249 141 47 59 -26 -58 9 -9 -183 181 189 138 -15 -134 66 -78 -124 38 64 111 239 -121 235 223 73 171 6 -49 -133 0 162 98 -4 54 -249 27 -172 150 63 -120 242 129 -84 -200 -194 183 21 -14 -239 -52 -142 118 -139 23 159 -61 31 -71 97 -88 14 -5 18 -189 143 86 -185 101 80 -113 201 -177 75 -19 112 -218 17 152 124 -51 102 20 -145 -111 -234 -165 -28 -175 230 -137 -241 163 62 197 -74 -81 178 72 -160 57 199 -237 95 -228 213 -23 91 8 76 156 -70 -72 -104 245 -245 131 -115 123 227 187 85 -132 77 -140 -3 133 161 4 -158 -170 165 -204 186 -86 160 -163 -95 -226 84 -213 -48 226 81 233 -209 34 -44 -85 248 210 155 154 148 121 -181 53 58 -40 -162 -211 7 180 35 -227 -230 41 42 -6 83 44 218 -18 204 79 222 170 -238 144 51 179 -178 -205 104 16 106 15 -219 1 198 125 217 -101 55 61 109 107 167 -77 221 92 24 -46 -24 29 -217 225 -117 -42 -148 -242 22 108 -109 211 236 193 -94 -127 158 -16 134 241 -13 -80 247 12 175 196 185 -180 99 173 33 177 188 -229 82 146 194 -220 -150 -112 -143 234 -105 140 -119 45 -65 169 -135 -157 145 -152 -130 237 -34 -99 -93 -25 -199 -210 120 149 -188 207 228 -198 208 -197 -153 60 -191 -2 168 -29 96 128 46 -57 78 25 -147 -250 -83 -118 -106 -164 87 136 229 71 70 -79 -131 -54 -116 117 -76 -37 28 -22 93 132 -69 -11 5 103 -159 -161 215 157 37 240 89 105 238 13 -126 -246 36 48 -206 231 119 -103 -202 -87 191 -7 68 -136 176 -47 90 -192 10 50 2 -171 164 39 -33 67 -214 -110 -90 26 130 -190 -184 -123 -73 43 -20 116 -38 -176 192 88 212 -1 -60 -59 -30 94 -66 205 40 -182 -154 -92 -225 147 127 151 19 122 -247 203 -236 30 74 -208 113 -45 -10 -91 142 -144 -149 -201 -179 244 200 -240 
TEST 80 ARG:194 -88 215 32 -231 -138 118 -248 -109 -220 34 229 -131 146 95 -41 236 235 216 126 116 15 36 199 43 -177 222 127 -198 19 185 198 -97 29 183 100 181 154 -125 -79 -54 -136 -182 -189 -150 249 96 224 200 9 -176 -27 -4 52 -229 214 -110 -30 -174 -63 -57 171 -45 -175 22 -164 -218 -28 -46 -103 -70 209 2 37 64 -35 -37 -72 163 -226 -43 160 -121 53 204 241 -149 -32 73 208 40 179 -190 117 -64 -209 -154 187 -36 -147 -130 58 220 -155 173 -211 70 -172 47 -22 -85 -194 161 -18 56 -126 -58 -82 13 87 -132 51 191 -108 123 105 175 4 228 152 107 -228 -133 -115 72 -81 119 -185 170 124 223 88 -19 -237 -99 109 -13 -206 31 -162 165 30 -23 -10 93 -51 -50 59 -213 -71 -102 -68 -62 188 167 150 17 180 207 242 132 247 112 -134 97 -181 -232 -7 -31 178 -47 245 -9 -122 136 -173 25 -73 -135 143 -52 202 50 196 -235 -100 -39 -113 248 -151 -170 -242 130 243 77 82 -48 -29 -224 -202 -171 -90 135 60 -186 85 61 -246 172 141 -107 158 -89 230 168 21 -238 10 -78 221 -215 76 -59 -247 -56 -105 -193 -124 -111 162 -33 231 -230 -118 99 -223 -98 -92 205 67 -179 232 240 -217 83 140 80 -65 219 -153 218 -197 69 182 1 23 28 -38 -157 33 128 193 -240 176 57 -127 -17 41 86 -160 201 46 110 91 -169 139 -214 149 244 -129 226 133 -166 120 8 -67 49 -152 166 -93 -139 -86 -6 78 -44 -49 54 -106 -200 -8 238 -180 -1 -167 -66 -250 -87 -120 148 -161 -116 233 -141 111 -84 -243 12 151 -143 -205 -117 159 89 -20 -114 206 -236 84 -80 189 -76 14 16 44 -95 169 -83 174 -142 -244 -163 -204 153 195 92 79 144 122 75 -184 20 234 157 190 137 -15 125 103 -140 -104 -249 94 138 -201 62 203 212 -208 -227 -191 -14 -188 -178 -12 -221 -219 192 -91 -61 -187 39 -216 211 114 -165 106 7 -183 197 -26 210 147 -212 98 177 -5 -222 -234 246 -21 -146 -96 102 -53 101 108 145 6 -128 -156 26 -144 -119 24 217 -74 68 65 164 -16 -196 131 237 -225 35 55 -34 -40 11 -195 113 129 -11 -137 90 -101 -148 48 -239 -192 -203 -69 45 71 38 -159 -55 186 5 -42 -233 42 121 -145 -158 239 -3 225 -199 213 -24 227 -245 -77 81 -2 -241 -123 134 -94 104 66 0 115 142 -168 184 156 -207 155 63 -112 3 18 -25 -60 -75 74 27 -210 
TEST 81 ARG:-163 -60 205 170 53 -158 -34 74 7 -150 -99 -212 -248 9 -27 227 -200 174 185 -18 -130 -171 -225 -231 55 163 184 22 -159 72 -203 -47 141 -216 47 -89 -7 -17 -187 -132 69 117 232 -241 234 -127 -167 -100 -154 -151 -1 -136 -146 -195 29 -25 224 152 113 -179 87 134 -205 204 46 137 42 -148 84 -31 -112 -233 143 -22 52 206 157 -79 -221 -217 102 -42 -224 160 217 99 -66 -175 -108 81 -6 -155 28 219 -220 -192 187 54 135 -59 -244 201 183 41 -197 -164 131 77 -81 -124 -131 -141 -33 212 49 70 51 -73 -228 215 -87 5 -46 124 -20 -122 203 -44 -202 118 -242 122 -92 79 189 144 -125 -139 -98 -14 -165 173 82 65 142 -240 -174 -35 111 103 155 -91 -116 75 -30 130 -194 64 -137 -102 -239 127 13 -198 76 -153 159 -109 -120 -76 148 1 169 112 -88 -134 190 26 116 -61 167 -213 109 -184 208 -222 -93 177 68 114 -105 -101 16 123 -37 20 -207 43 -227 -103 -72 178 -12 57 153 96 -135 191 136 66 -180 17 128 138 94 93 -45 166 -191 91 -43 50 -90 -156 241 -160 86 248 110 4 202 -114 34 -208 -189 -128 228 -64 126 -57 180 149 -107 -77 -186 162 220 11 14 -166 -23 210 -185 100 140 6 -199 176 -126 -24 95 -75 -144 164 36 244 -78 133 -152 -193 59 -196 45 -41 125 37 -178 -145 2 -16 78 156 235 -32 -183 196 245 236 -245 -15 -223 249 98 31 -218 150 -39 -111 -172 61 105 139 223 207 -11 -219 247 -82 -68 -170 -113 8 -84 -13 -117 243 83 -9 60 -53 106 107 -157 -106 0 132 -110 200 -97 -204 44 -51 63 229 -149 -69 -71 -29 216 -176 -119 67 171 21 198 -147 92 -246 85 23 -209 -38 -48 -86 240 -210 -85 161 -21 195 -121 -214 101 -169 -226 186 73 71 213 -115 168 -243 151 222 -247 175 80 -123 -50 165 -234 -161 158 97 -188 -10 221 181 -104 40 -133 -74 19 -211 -230 -96 242 10 -95 -3 154 25 -70 32 226 209 239 146 -62 179 58 -181 115 -206 -54 -162 -56 -173 193 -19 233 -67 237 39 -177 238 18 12 214 62 -140 -138 89 199 90 108 -4 147 15 -8 30 -143 -238 -182 172 -235 -236 120 -250 -237 33 -63 -36 -55 56 -118 -190 -168 182 -94 88 -2 -58 197 27 129 24 -201 246 192 -65 -52 -5 121 -249 119 211 225 -83 -129 231 3 -215 -26 230 -229 -232 104 188 218 -28 -49 35 194 145 -80 -142 48 -40 38 
TEST 82 ARG:-37 34 -10 13 -189 -106 131 11 224 -44 -105 133 58 -23 -155 183 177 -216 227 108 -135 174 -185 -160 38 -128 -53 232 123 -210 -111 -6 -114 -7 -199 64 62 -228 -76 235 -119 162 -183 111 -162 -42 -27 -84 27 175 -45 -48 -138 215 -33 136 -35 44 -231 -95 207 -12 -221 48 57 -133 246 66 89 -219 -8 -156 -15 12 199 -122 -136 28 70 188 15 -158 56 237 -243 117 32 -176 146 -5 43 101 88 -120 10 100 -83 182 -72 244 95 99 -154 186 120 46 -184 -116 231 -181 -209 0 -140 65 -104 -56 234 -195 -236 -43 49 -152 180 -4 -47 230 121 -93 75 -39 144 73 112 3 190 -227 145 154 30 -161 -113 202 -222 197 -242 -11 -21 -14 -187 -139 -143 37 156 166 35 80 118 -159 150 -109 -175 -54 -94 -64 -177 158 26 -191 -59 45 -121 247 -102 168 245 210 14 189 96 -29 16 -91 8 -117 172 -188 19 -213 86 -51 -89 -79 195 -69 151 -82 93 24 55 104 -215 214 -34 -137 77 -28 59 97 1 196 -92 -36 74 179 203 -97 -218 -194 -232 -250 169 220 242 90 -203 213 52 143 -134 155 185 114 -224 116 113 -217 76 236 -50 -77 130 -26 163 -9 249 204 -248 6 -71 -233 -73 87 -110 -149 -186 161 -144 205 -55 -182 -129 -96 -173 105 91 142 -70 63 -131 160 21 -151 -19 -245 173 -112 109 39 -125 83 47 -247 138 239 -31 33 135 -74 -190 -17 -68 72 40 233 69 -246 -206 -153 -239 25 -127 159 248 5 137 165 68 157 -52 -226 -234 122 -30 -146 -18 98 238 -240 228 92 -67 -132 -172 208 -142 200 -63 147 149 -46 192 141 209 126 7 -193 -25 217 53 -208 60 -237 -235 -41 -87 -24 9 170 -164 -101 -103 -225 -211 184 -20 106 20 212 -80 132 164 107 61 -145 211 -90 -99 129 2 -207 216 71 -169 -86 -244 23 -197 -62 -179 -163 54 181 176 -200 -49 178 -148 -166 -75 -78 140 -16 78 -167 4 -198 51 222 85 -150 -192 -238 17 139 221 -100 67 -170 171 -123 102 125 82 -241 84 167 -178 -214 36 -165 29 218 -38 -32 198 -61 128 18 -58 -2 -57 81 -130 152 -249 94 -147 -202 79 206 -60 -1 226 -40 187 -201 -115 -205 115 -204 -22 -196 201 50 -88 -3 -118 -126 240 110 -124 -81 -108 -168 -174 229 103 -85 41 241 153 127 219 -180 -220 22 124 -107 -223 223 -171 -65 191 148 194 -212 119 193 -230 -98 243 42 31 134 -157 -141 -13 -66 225 -229 
TEST 83 ARG:-161 -157 169 -168 -17 4 26 59 -187 -103 -31 52 235 32 193 197 45 -171 -39 41 -119 236 244 -219 -114 16 -244 227 -33 23 -196 -156 78 -90 158 154 103 147 -201 -40 -12 -117 128 -115 -246 204 -5 -92 106 -22 118 -9 116 -58 -206 117 111 84 61 237 -209 -240 186 -139 49 -153 -75 -174 182 86 165 -87 -200 15 -94 -162 17 75 94 -101 -234 -242 -93 -36 -4 148 -147 20 69 -29 -38 -41 -202 31 -2 -99 137 -190 212 -96 -175 200 230 -148 145 -216 5 67 -13 144 172 217 -210 -158 -20 187 225 211 139 -172 -141 57 -44 -24 -133 -98 -82 112 -192 -232 -134 -53 178 22 151 170 -183 142 -173 -100 7 -248 157 203 -81 64 108 56 -102 62 228 136 -66 -222 171 184 79 1 127 143 -180 -145 -129 8 -191 -42 179 -197 -124 -181 249 -221 74 232 247 -167 -1 -236 -48 71 223 -71 155 -84 -89 68 175 138 -152 -195 152 -212 55 -164 -28 -34 -14 -250 -105 29 221 14 -160 -30 207 38 -37 76 208 -130 97 -50 81 -63 -118 77 205 -77 202 80 -235 -239 -226 -56 150 -214 -26 -218 54 115 6 173 160 66 -131 -51 18 -135 65 -189 156 215 -109 164 209 -7 -231 44 -59 -85 185 -224 99 -106 51 166 85 -10 -128 88 21 -213 -136 96 -68 -150 90 -104 133 245 -70 -91 -64 122 -194 188 -169 -108 126 125 -6 -220 -140 -73 -233 181 70 -193 -97 60 214 -159 194 119 -178 -225 191 43 46 -125 -144 0 -8 -122 131 98 -69 91 -120 121 226 162 -247 -79 12 177 -80 -32 58 2 124 219 -57 48 101 27 238 -43 72 198 -151 -166 35 -55 -184 180 -95 39 -245 -88 104 47 -154 220 224 246 -138 -21 83 -208 -205 -132 102 -61 240 222 129 -149 -35 229 -86 105 -62 -27 135 25 146 242 195 40 -23 174 3 134 -155 92 89 -3 11 28 -83 120 -16 -143 -182 -207 233 -54 -243 -249 -123 -146 201 -72 113 -198 -177 110 50 73 241 163 167 -217 109 -238 -127 63 -111 82 -227 -137 196 210 -65 37 189 243 -185 19 192 -19 -52 -237 -215 -199 -11 95 176 -241 149 10 -188 -170 107 -67 -113 -74 -46 114 130 -179 234 218 -163 100 216 33 -107 87 34 -176 -76 141 -230 132 -126 -229 30 161 168 140 -211 53 183 -110 -228 239 199 -142 -49 42 -18 159 -78 -186 9 -203 -112 -15 36 -121 13 123 -223 213 -60 206 190 -165 153 -204 93 -116 248 -25 -45 24 -47 231 
TEST 84 ARG:-242 -216 -103 3 -196 70 204 17 157 91 -118 -87 195 241 -23 98 106 0 197 93 -237 -33 -244 -64 192 -3 170 -138 140 -170 -31 -145 -164 206 153 88 111 200 -133 179 52 188 67 22 -73 144 -207 57 102 221 -200 -241 -150 168 39 -119 105 50 -217 9 -94 -66 113 -165 -69 -229 242 205 130 208 -147 -19 -215 182 226 109 211 127 156 -20 -56 -144 -247 -197 53 -139 -55 217 176 -191 131 181 60 -174 126 -126 96 97 -29 -58 243 -108 119 132 -243 82 -32 178 19 124 190 89 40 146 240 248 -179 -124 148 115 -14 -131 -220 147 -24 -40 8 -178 -1 84 216 235 -148 -96 -132 -182 -65 213 -70 -209 -189 -162 -212 -60 165 71 -62 -201 -76 -57 75 -130 236 -180 -183 86 159 30 117 -167 123 -142 16 218 -74 10 -163 114 -77 196 47 -92 -122 45 -235 -203 193 -143 21 151 -89 163 11 63 -227 -8 44 214 -72 189 -81 101 81 -13 -71 107 185 -236 154 99 1 184 155 134 228 -248 -176 77 -49 -44 61 239 -93 202 -6 -26 -193 169 137 135 -63 74 -5 103 -45 -100 -4 -134 -112 177 -86 171 -123 227 35 -21 -166 -2 -104 175 125 -15 23 -120 207 51 -214 2 90 -159 -158 -30 49 -219 65 -85 83 -240 152 -213 186 -187 -204 237 -51 233 28 -169 -28 -37 191 -173 -98 -12 -61 -97 37 32 66 -67 48 42 120 150 -225 -233 -121 -222 118 -246 -234 -156 -211 219 187 4 173 -206 -137 -25 238 -194 -154 -11 -91 -95 -208 -42 160 -54 -27 -146 129 244 -152 -168 -232 27 -114 -16 36 -125 -107 -184 -127 232 -171 210 80 -41 -38 -249 128 -79 -160 -161 -9 14 -141 -101 -83 -185 222 203 230 -68 215 -18 56 64 -48 -90 212 -47 -149 -115 246 -129 20 34 78 -181 -136 100 -231 -110 -82 95 167 -17 -99 180 33 122 -190 133 -157 -128 -224 -205 174 85 -7 141 223 -177 -172 121 -35 -53 62 -80 24 -34 -238 -195 166 -102 29 -52 6 -39 -151 143 247 41 116 -113 161 5 -46 145 138 25 -223 231 112 -175 -50 -228 229 104 234 220 136 92 26 194 -202 108 55 72 59 -36 158 172 -239 -84 -43 -230 76 7 -75 162 54 -210 -10 -188 149 164 43 -117 -198 -245 110 -250 139 245 79 209 -140 224 -135 -106 58 183 201 69 46 -218 -59 142 -155 -226 249 -186 -192 -199 -111 38 -109 -105 31 13 94 12 225 -88 -153 15 -221 198 -22 -78 87 199 -116 73 68 18 
TEST 85 ARG:225 199 -66 -115 37 91 16 61 -211 -144 166 -145 -182 97 35 -71 179 58 138 235 6 68 -137 164 -249 149 -231 -103 -217 192 -219 -152 -160 -169 -237 243 78 -129 -250 162 -6 248 148 -42 214 70 -146 18 -87 43 12 180 -105 -21 -26 -20 112 107 206 -120 38 -155 0 200 137 65 -159 48 173 -241 -157 34 106 233 51 -17 88 40 85 -126 -175 -94 153 160 218 -81 133 -125 36 168 -163 56 -206 -156 -28 196 121 -208 -19 -199 42 -177 -164 -8 28 -205 140 228 -4 -112 -139 102 227 175 -240 114 -184 -198 249 -173 115 -10 -37 185 -25 2 -113 -127 -70 9 105 -5 152 221 -200 191 -119 -233 -228 13 94 -93 -158 169 209 20 4 87 99 -154 -63 226 212 -130 132 -90 -132 32 176 -65 -79 74 183 -195 170 -111 -59 29 150 116 240 79 -60 -201 -9 57 189 129 -18 -218 -34 84 184 130 -35 131 -77 -118 -215 -56 -186 -16 90 238 154 -229 75 101 -214 -194 158 -27 142 -172 -40 197 -84 -73 7 -213 -100 111 -14 55 136 122 -136 120 60 190 159 1 -102 5 195 -123 -86 -141 -36 -167 117 242 157 110 -191 -246 -243 -134 -227 -83 80 -187 124 202 171 155 -91 -80 31 -104 -62 237 198 -85 -33 213 231 234 -221 -183 -3 167 44 -153 69 62 -99 208 145 127 76 41 119 -122 -166 -161 100 -151 -178 3 77 241 104 -58 247 -128 50 220 -74 -138 193 135 161 73 -96 -53 49 219 -61 216 -32 -242 -52 98 -234 -133 -168 -143 -236 -108 222 -171 -232 -7 -248 -39 -193 -23 177 230 151 -230 -225 71 15 33 -147 -189 25 -54 -162 118 -92 -97 -110 236 -75 -185 181 109 -41 203 -192 211 -224 246 -107 21 186 123 205 -216 188 204 45 -22 -15 -30 72 -188 -106 -49 178 8 -57 46 -165 144 -209 -247 86 -203 232 -12 210 -98 -140 -69 17 -43 92 82 95 66 146 -72 -46 143 -176 52 -207 -44 -89 128 165 -223 -197 -190 -31 -124 -239 -82 96 89 108 -222 245 -1 26 24 -45 59 22 244 -55 -38 -114 -204 10 -24 223 81 -180 -13 -48 93 141 103 -51 134 64 229 19 -67 39 -150 83 147 -181 -95 14 63 -244 -148 -174 -202 -149 201 67 -131 -135 -68 53 -226 217 239 -220 125 -29 174 156 30 182 -109 -47 -76 126 215 172 -245 23 -210 -196 27 194 163 -64 -238 -50 -235 -78 -11 -88 113 -101 -170 54 207 11 -212 187 -116 -179 47 139 224 -142 -2 -117 -121 
TEST 86 ARG:-86 -111 -127 241 188 -208 121 75 195 -110 -187 -191 64 101 -225 -219 -234 -84 213 160 223 229 40 125 107 -16 120 -226 -52 227 -144 -74 -135 -190 68 211 -248 -181 197 -250 100 137 89 -245 -49 -22 15 55 -10 -39 -81 -44 212 -47 -240 106 116 -21 219 230 -161 -238 146 -197 224 80 60 11 41 228 50 -63 -213 -194 -128 -68 -82 -242 132 176 244 17 141 193 -221 -59 198 -143 54 -4 -178 -37 90 -164 163 96 243 139 -249 242 -99 -224 207 -237 25 -13 -177 -134 -97 -131 122 -65 182 -118 -73 -138 86 117 4 7 -108 -103 -6 -163 -205 -200 26 79 -113 -214 94 -149 136 248 127 16 87 -140 173 218 0 84 -202 28 -158 170 -174 -211 226 134 -112 -153 -169 -142 -160 42 217 184 -83 -150 52 149 168 124 -33 -51 -36 -53 32 -38 -106 67 59 -107 -62 82 -43 -87 -217 -14 -23 -48 21 -159 115 199 -85 105 171 72 203 62 -32 -88 71 128 166 -172 -11 13 -3 104 -18 -129 65 -171 98 10 123 -94 114 45 -155 -104 143 -54 -101 -24 148 178 -215 -29 -137 51 -122 -195 -204 -12 88 5 -188 70 196 194 -8 -50 142 30 -230 -166 -80 152 186 78 58 -236 95 161 -146 12 -61 33 -78 -100 57 103 237 -42 -232 -96 113 -186 -156 -189 245 187 -151 91 249 -1 -203 56 165 -133 169 246 -117 -69 110 247 151 -222 158 99 -145 -175 1 238 240 -228 -57 -67 -35 -199 185 221 9 -167 -92 174 -141 -89 -223 208 -193 156 -125 -2 -70 -239 47 -119 23 66 -216 -109 154 -114 -196 189 35 -182 53 -19 77 -90 -5 210 43 175 14 -60 112 -93 -180 -75 214 -233 27 6 -71 -229 -220 -46 -244 -130 -123 -58 -210 85 232 -116 225 172 -184 159 -126 102 92 -41 153 3 118 -179 61 -235 -246 167 -243 162 48 -198 19 -28 -72 201 -206 147 -247 155 -20 157 -95 209 -77 -56 -25 111 24 76 234 144 8 -168 191 -162 37 200 140 133 63 190 126 164 235 20 130 -192 -45 -9 46 220 -147 97 -34 239 -102 222 -148 109 -209 -170 -207 -27 93 81 135 204 216 -227 -40 -183 -98 39 129 36 -15 -231 150 119 -31 138 -76 236 -176 179 -157 18 83 177 180 -152 2 -124 206 -139 -30 74 44 -132 181 -66 -136 -121 131 -105 -173 -218 233 -212 49 29 -64 69 -55 -165 215 -185 73 -241 -7 -79 31 -120 38 -91 22 -201 202 192 231 205 -26 -17 145 -154 108 34 183 -115 
TEST 87 ARG:-154 -105 -223 72 -186 -146 -11 -198 186 -27 147 203 -134 83 207 -94 196 169 37 -2 -209 200 190 246 -127 38 201 -77 238 -121 68 -238 -242 193 73 179 40 -157 24 148 -102 -54 -191 123 59 -171 46 2 128 -87 -237 -195 177 152 -18 158 172 121 -63 -44 -117 -84 -39 -166 -180 -241 194 -142 -239 55 -20 -30 -249 215 -149 -75 -28 234 -144 -128 -22 155 -140 242 -115 115 -199 241 -46 -183 66 141 -72 133 -247 109 -73 150 117 -137 61 -71 -108 87 -59 21 213 138 176 -37 -25 101 -188 231 -170 19 -14 175 -49 182 1 -173 145 -10 -90 -92 226 -118 236 14 5 -47 -200 -125 -80 245 -246 -220 180 80 -114 205 -192 -148 100 25 -33 159 106 -48 -197 -58 -5 -231 -224 132 41 6 120 -234 -104 -106 7 -206 -24 -147 -236 70 65 84 -150 124 -169 167 -217 -227 249 -145 -110 243 149 195 -124 22 208 -53 8 235 -172 -250 118 50 -60 99 26 44 -202 -45 188 23 -135 108 211 114 230 136 173 103 -6 51 -51 -119 -160 -126 11 56 -215 -55 165 97 53 -153 69 157 49 75 -17 94 -41 -76 -66 -89 224 -32 -248 -4 -88 48 -143 162 -139 153 76 -174 -235 67 -161 -131 71 164 -159 -34 -185 161 187 9 199 -211 -7 74 -201 225 -67 -97 -230 218 -158 -122 -70 111 95 107 -21 -213 52 -74 248 62 223 -189 34 -232 -78 -163 -168 183 237 202 27 4 232 -38 -205 -99 -35 110 -96 -69 43 58 178 -112 30 0 10 239 -175 -162 142 125 -8 151 -16 146 -187 -240 63 -113 -244 -42 210 171 89 240 77 214 86 -151 122 221 90 -155 229 92 134 -56 -196 140 -29 -68 -132 -19 96 160 174 -86 119 -193 130 3 -182 42 -64 -212 -61 -176 29 98 -85 -229 -129 -65 13 -210 156 166 -62 -98 129 168 88 -43 -181 222 -136 247 -222 233 17 170 -26 -141 -177 -9 -57 57 18 -226 206 15 -179 -13 -228 -93 113 -225 -82 -208 81 -184 -15 212 79 45 -79 78 -243 60 -116 -164 -219 127 47 -207 -194 -218 -91 104 35 -12 112 184 -40 227 64 -31 189 139 137 116 36 -83 -152 -216 220 135 -130 216 -190 -233 143 -221 -167 -95 -100 85 20 -178 -23 204 12 -133 163 32 217 131 -52 -107 -203 197 105 144 -111 191 54 -50 209 33 39 -36 228 219 -123 102 -109 91 -245 -138 28 16 -214 -1 198 185 244 154 31 -156 -204 -120 93 126 -165 192 82 -81 -101 -103 181 -3 
TEST 88 ARG:9 148 -14 39 248 -250 218 -1 -45 -110 -130 -225 234 243 -91 183 24 154 -175 77 -236 -146 -43 54 181 4 -22 -94 -147 -198 20 130 49 222 69 42 -117 -206 -106 52 -55 112 -126 -42 -80 197 -92 -166 -96 -28 102 249 96 118 -48 -103 80 51 -238 -72 57 -212 132 -150 245 -107 -82 87 178 -68 135 -53 131 75 164 162 95 -158 -211 72 -71 -30 150 -243 241 1 91 221 -196 138 -187 33 61 -135 141 -203 -200 155 29 188 168 -245 174 -136 121 -100 233 -93 21 55 -35 -244 114 152 73 -38 115 217 -5 -21 79 -179 201 62 126 -242 191 67 -108 232 140 17 192 186 40 142 -226 -247 -142 -132 -124 153 -64 -3 -163 145 -113 136 -81 -4 -46 200 -154 -112 -223 8 -129 -224 -134 -52 -233 -95 15 -27 19 -230 -148 210 -189 93 117 -56 -62 105 25 -20 -115 -162 -63 71 -144 34 157 100 184 -192 -239 101 172 30 122 -249 -188 -194 195 -104 -170 -12 -186 108 -51 139 128 -216 187 83 46 -205 -31 -2 -185 182 -32 -65 85 -79 10 44 90 -88 -228 119 -127 194 -220 -145 161 43 190 -133 167 -69 -138 124 38 -75 -13 -131 106 -171 3 -60 88 -221 63 -73 -16 104 -182 133 -90 -41 -34 -120 -18 -164 103 238 175 -191 56 -44 -24 65 84 -105 0 -137 -172 31 -11 12 -141 -139 246 -201 16 -116 156 160 -234 -153 159 37 -58 59 92 14 227 -197 247 7 166 229 86 -26 -195 81 208 151 -140 149 -118 99 -61 109 239 -193 206 -190 -246 -74 -213 -204 -241 60 74 41 179 -184 113 -219 -119 58 64 -240 235 -97 5 -33 -37 199 -99 107 -78 127 11 -114 -202 -177 240 -8 -25 -85 27 202 47 203 -125 -101 212 -180 226 -40 -167 2 70 198 -232 53 -98 22 116 207 189 -229 209 129 -222 -161 -87 -248 -6 -218 170 98 -86 110 196 219 244 50 -123 144 -76 -77 -23 193 224 213 -235 146 -152 230 66 -15 -209 -66 -227 165 220 -83 -169 236 171 163 -122 -143 173 36 111 89 -237 225 -67 -84 23 204 -36 -47 137 68 82 -10 18 177 -157 -174 125 94 -181 -159 32 -59 -49 -231 -199 -156 -217 -89 -128 -54 -165 134 -111 143 -39 -109 237 -17 -102 -121 -19 78 231 -7 -29 -160 242 180 -215 28 123 -70 211 169 45 -207 214 -57 26 216 147 48 -214 -149 35 -151 205 120 228 -173 -210 -50 -168 -155 13 -208 -178 6 97 215 -176 158 176 223 -183 -9 185 76 
TEST 89 ARG:-211 -161 129 -109 139 103 159 -23 -88 84 7 77 -136 -36 -179 242 116 -31 152 -21 -212 182 228 -16 -61 70 -203 131 -114 136 215 179 214 -102 -182 92 104 124 78 -242 102 -97 -163 -89 37 52 199 -35 -92 132 88 87 -125 50 -206 -80 -216 -209 171 -241 -237 -142 178 237 61 -86 90 112 -232 5 97 135 -45 -60 -11 -72 -244 173 -41 -128 -250 -34 -122 -95 -3 -207 236 212 143 -44 247 -247 193 225 -137 -47 -64 234 -221 48 -198 162 -217 -177 248 -175 45 -65 -115 -189 10 113 223 194 22 -167 176 0 -204 -17 -121 187 -140 82 167 -25 203 15 -113 -9 83 151 -74 -139 38 14 200 118 -7 195 64 72 -138 -193 -149 -69 196 75 108 -201 -173 -236 121 -240 119 -185 62 -71 -191 123 -26 -228 -235 -32 -213 -119 -199 111 244 -4 13 -105 -231 226 -14 -50 -156 -148 -146 165 138 54 190 -68 21 -131 -215 -162 114 60 -58 31 -76 -190 213 -210 -194 240 -13 100 232 158 -39 -110 -202 -157 238 -51 117 -233 19 -245 -12 63 -153 -100 -84 -169 -111 146 -239 -18 71 235 217 -77 161 -248 -1 68 -27 -15 -164 -249 -246 17 -129 211 -108 -90 12 -135 156 202 -184 -147 -98 29 -87 -176 -124 207 154 122 59 67 44 -106 -82 -145 -96 -205 133 93 24 -214 18 -223 241 -180 249 191 -166 110 73 -66 197 -188 -94 -154 246 243 -42 -54 46 -123 -20 216 101 36 -70 58 115 -127 91 -2 28 -75 11 -141 -107 -227 224 -43 -49 94 85 -33 -55 -178 208 41 186 -62 16 229 227 32 9 153 -226 -59 76 163 34 201 155 66 -159 -174 -219 -195 -28 -143 -126 81 49 -103 53 148 -160 -91 -67 109 140 51 -229 157 184 164 127 -196 69 -30 210 -73 3 209 56 -144 -238 -130 204 -151 6 -181 205 -101 25 168 80 -187 185 198 -172 -99 120 -116 239 -133 -150 170 160 -234 -218 42 43 149 -93 -52 39 33 -38 177 137 2 57 -165 98 -48 145 220 27 79 142 -46 181 -53 -120 95 180 126 20 206 233 23 245 -8 -81 4 147 55 74 -230 -85 -208 175 40 231 -112 -197 65 -29 130 106 105 192 30 -22 -158 1 -243 230 219 218 -220 89 -56 189 221 -78 144 -57 -192 -37 -200 150 169 141 -10 -152 166 -134 -104 86 -132 -19 -183 -155 134 -168 -117 47 188 -83 96 183 107 -222 125 -118 128 -24 -186 -171 -40 -225 174 -5 -6 99 35 26 -170 -224 172 222 -63 -79 8 
TEST 90 ARG:-138 -88 121 -10 237 -199 164 -96 168 -65 -246 46 176 14 -202 -228 -245 -123 -188 -12 -191 139 -95 44 60 56 -74 -155 97 39 243 197 -154 -63 -73 134 51 -49 231 38 36 210 150 180 -99 113 74 -225 -118 -69 -101 -11 -157 174 241 -79 -62 184 41 -139 -156 52 -161 -104 -249 101 109 152 182 208 -164 -208 -195 165 -217 193 -76 -61 223 -105 227 172 -54 -111 -29 -82 7 -68 207 98 181 22 -148 155 194 62 146 -22 -172 82 132 -70 -26 48 -113 -7 245 54 -220 118 230 -187 6 81 34 -145 18 -236 -124 -98 -56 -103 -182 -250 -135 19 -109 112 -207 -114 -39 -215 91 183 99 76 -47 158 222 203 221 -23 -204 100 -234 -177 -53 -222 173 167 -21 205 201 238 0 -66 66 -75 232 163 -232 21 -78 59 103 236 -116 161 -200 -131 -5 214 85 96 246 -147 -34 26 -93 -196 -173 -126 -213 124 247 -134 -55 115 224 71 58 -163 185 186 -58 4 192 61 3 -178 -221 77 116 -168 198 -141 47 169 -52 -4 138 107 212 233 -37 131 -72 200 83 -64 179 24 13 -171 -115 -90 209 190 -198 -180 8 -146 -77 213 149 -169 -60 170 50 -159 42 9 -24 226 -33 147 17 11 -206 175 37 95 142 -30 141 -107 -190 145 -6 -59 111 67 73 -223 10 -241 104 143 106 -3 35 196 -84 -8 144 43 -153 225 28 160 -128 -137 249 1 -117 -31 -13 -181 -91 114 -83 -247 151 108 90 117 -192 120 -27 110 127 15 -40 -214 -203 -44 156 -51 199 119 57 239 64 -183 102 -210 -226 -140 -97 75 -240 -229 31 -244 -184 -125 -219 -142 23 -174 -238 -100 -152 -15 78 -106 215 -50 -167 94 65 12 -20 220 219 195 129 159 -179 -110 27 20 -120 -89 -205 79 -41 -151 -81 80 -160 135 -242 -36 -102 69 84 45 -57 -71 122 187 25 -130 -237 -201 87 191 -45 -248 -186 -132 178 -136 -227 128 -143 -209 5 88 -87 -239 -127 -121 30 -218 -14 -35 -197 148 244 63 -224 -170 162 -194 166 -129 -2 -162 248 235 -16 -133 133 189 -189 55 234 -43 16 86 -80 -212 217 137 -149 -243 157 211 -94 218 -86 -18 123 -46 2 188 -230 171 154 -92 -25 177 153 -216 -158 29 216 -17 72 -48 89 32 40 242 -175 105 -166 92 -119 240 206 -150 -19 70 -32 49 -38 202 -42 -231 204 -233 53 -144 130 -67 -165 -211 68 140 33 228 -28 -122 126 93 -1 136 -193 -85 -185 -108 125 -9 -235 -176 -112 229 
TEST 91 ARG:-24 72 -143 -182 -27 14 89 -174 -152 102 -81 -19 -154 145 -116 18 96 -125 148 54 -226 -176 -102 -158 -163 -189 -18 -250 80 172 -5 116 16 85 -207 206 64 -165 138 155 82 235 -219 56 62 -86 177 -206 211 -117 132 -140 227 179 30 222 240 31 74 108 -2 -185 106 173 125 -169 -229 196 198 -95 -232 -37 -187 53 -175 237 15 -160 194 112 24 -12 61 57 -181 -218 -72 91 238 -144 69 -136 -28 -89 224 -124 13 163 -115 187 -146 -128 55 65 35 233 -4 -104 -20 -202 93 -155 -34 -137 223 149 -164 186 2 210 -65 131 -148 -45 -38 -39 120 -74 -43 -61 -127 -156 -60 111 -109 -190 -235 218 183 -142 -236 146 168 150 -50 84 200 -141 192 141 -149 94 -147 22 -106 -16 -51 -221 193 109 76 88 -113 105 -208 202 -216 203 -92 -41 21 92 -57 1 -133 60 -248 -204 45 -21 221 -231 44 20 -167 -11 114 137 -87 209 -213 -107 -130 -110 41 171 -100 -33 121 -168 -191 0 -44 -15 -75 27 232 -7 197 28 70 -79 -215 -31 -94 -14 -30 -227 -157 130 165 147 -194 164 -29 98 118 86 87 -96 115 188 -101 239 -42 175 -237 103 143 -233 -178 246 247 161 -77 -197 -10 -118 157 156 -209 17 180 -210 -32 68 -196 75 -203 -159 -54 244 -76 95 214 -234 205 -25 -71 37 -222 -151 -46 219 134 140 208 43 -249 -129 228 -239 -180 -139 110 -8 7 -138 -166 -244 -67 -135 -112 151 167 230 190 169 100 -205 12 -201 -80 39 133 -93 220 -122 -55 -230 -186 -177 -88 73 159 -238 229 -192 -58 -132 127 152 217 -23 -172 58 -69 201 -183 204 -170 -114 -150 226 67 -22 139 -1 -13 178 71 135 -9 -105 -123 144 -211 195 25 -173 162 -90 -184 -224 -145 50 29 -162 117 189 -62 -83 -212 124 129 32 99 -35 51 8 33 185 153 241 101 -6 48 -103 -68 122 242 -26 -63 -220 184 -247 -97 182 -99 78 -246 11 176 -111 -52 104 -240 -120 -66 199 -70 9 59 142 -36 -17 216 -153 -161 -126 -91 -85 215 -98 174 38 79 231 236 107 34 -245 128 -171 5 -193 49 10 40 191 47 -84 23 63 -73 243 -59 136 166 4 -225 181 119 90 -40 213 -243 -223 3 -199 -188 234 160 36 -48 -3 170 -241 154 -217 -195 77 -200 26 -242 -47 123 66 207 -198 6 -214 245 212 -121 -56 46 -82 158 42 -49 19 -134 -78 -179 -228 -119 126 -108 248 249 -131 52 225 -64 83 -53 81 113 97 
TEST 92 ARG:41 86 -76 -122 30 -230 -87 -90 -68 107 -38 87 42 -104 63 248 183 16 31 99 -202 -178 129 224 -213 39 -199 -4 114 84 137 -16 -156 185 -60 -98 -65 239 -35 181 -54 -229 -66 60 -140 -171 216 191 -189 78 50 -64 221 -131 168 112 195 164 59 166 -179 -148 225 149 194 83 -75 -154 -43 -9 10 -108 -26 4 -225 -134 56 -101 -238 -69 55 103 -23 -165 187 17 89 98 -71 -32 46 160 -207 -234 -111 237 7 143 -114 -47 72 -45 -130 223 -89 213 19 -174 123 -116 201 -158 -58 -137 234 157 -138 -206 -175 -211 158 190 186 -133 115 -29 138 -2 -220 127 235 -70 245 146 118 -1 167 -31 -28 -172 136 88 238 37 106 36 142 192 20 64 -236 -233 -167 147 71 -106 101 141 151 -163 -180 202 -107 132 40 -49 -10 -241 -242 154 122 2 -74 105 -11 124 -144 49 -125 230 -117 198 228 -168 -33 76 110 -91 162 217 -159 -115 -196 -110 91 -12 -216 97 81 -7 108 53 193 -78 -88 -185 28 206 -62 26 140 128 199 90 6 -210 57 -36 236 -119 -183 9 47 -250 -21 -239 -153 -194 -30 246 -169 125 -157 -186 152 -142 -14 178 -103 54 61 243 173 126 0 35 209 -164 -105 163 -205 -149 74 -170 130 241 233 -227 -67 -218 -135 75 -25 -100 188 133 -221 -5 51 200 211 -151 80 222 113 -191 153 -129 -247 -95 70 131 -18 156 119 197 79 -41 -212 189 -224 207 24 144 -127 -223 -193 159 -55 100 93 -150 -160 203 95 -20 240 -13 -73 -244 33 32 48 150 -219 -232 96 182 -102 -187 -204 -240 -39 227 -209 -197 27 -203 13 -57 45 -201 -177 -155 -198 -46 -86 -195 102 -161 -56 247 -3 -96 134 29 -53 -79 -113 94 -50 226 -228 14 196 -124 -176 242 -72 171 -81 -249 109 244 -109 -37 219 -123 174 -42 -92 18 -83 -248 -22 179 121 -85 -27 -51 -182 -48 -188 -190 249 66 -136 -112 184 229 -162 172 205 176 -246 215 -184 -93 161 38 -8 170 -40 -77 169 148 -121 67 -19 -192 -226 77 3 177 85 92 -61 -17 -80 69 1 -146 5 -235 21 73 232 214 -24 204 -208 -132 135 -200 -166 -84 139 34 117 220 -147 116 180 -126 155 52 -214 111 104 44 -15 65 -222 -97 -59 12 -217 -99 -181 23 -173 -139 120 -143 210 212 -243 -34 -215 218 208 -6 -63 -152 -118 -145 -141 -245 -44 -52 -94 165 11 43 22 -82 -128 -231 8 15 25 145 231 58 82 175 68 -237 62 -120 
TEST 93 ARG:-13 -59 -55 -21 -195 -104 9 34 117 -33 6 228 -138 -77 -159 -112 -204 205 -80 -175 -2 102 -183 -213 234 38 239 -209 -212 192 42 -203 185 209 30 133 179 51 94 -74 -58 -32 5 203 -198 -99 245 -144 10 -65 24 60 -179 152 52 132 248 78 162 39 237 -39 -91 201 139 183 -68 126 -156 -249 129 212 -84 -231 -87 -11 17 -106 116 97 146 -121 -194 36 144 -94 23 243 -48 54 25 156 -101 164 -148 -1 194 -29 -43 46 -19 -72 -228 15 113 173 161 -214 79 19 193 -248 130 -219 -196 -126 -38 187 -168 4 208 -67 -57 -207 199 -122 -116 -129 230 -12 -191 181 -36 -208 121 169 -250 -178 180 3 -105 -139 14 41 57 145 56 127 -206 -120 21 -128 136 -96 -205 18 189 101 -237 -171 -147 0 148 -132 -88 167 -28 67 49 -97 62 147 242 -215 141 170 241 -125 249 211 220 168 123 -114 182 -152 -184 -211 44 -157 111 216 231 137 -53 -89 77 -16 -153 -174 58 159 109 35 -100 232 215 119 66 -115 178 176 -5 166 -62 -9 -131 -83 -160 64 198 92 -123 -93 -220 96 124 65 196 210 76 90 204 -190 -181 143 246 13 172 -4 -202 171 229 -232 -50 -69 93 -76 -188 22 99 91 -155 -216 -180 95 108 -107 -173 87 85 -142 -233 -81 75 -41 -73 222 -40 -86 -64 240 89 -218 -85 -37 165 235 -10 27 43 218 -154 207 -46 -210 8 131 84 104 -117 -6 223 -66 -31 -247 26 -221 106 214 134 128 -199 -14 -34 -172 55 -176 88 114 190 -222 -187 86 -182 -134 -225 -162 -164 -223 -109 191 -118 -119 206 227 157 -15 -163 -246 69 20 -70 -217 -192 -79 -45 -167 -200 -63 -230 105 107 -103 -24 -124 72 28 47 -234 -186 -49 73 -95 -92 -82 -130 100 -26 2 233 202 -27 -240 138 7 224 -229 238 200 -158 11 -61 -20 -22 -197 -42 50 160 -150 -135 151 122 -75 244 -127 83 -18 -242 213 -151 -113 226 -47 -90 -3 217 -110 -227 125 153 -238 -146 118 163 -170 -60 -165 -30 -98 -169 -161 247 -243 195 221 174 16 236 59 29 149 61 -239 -78 81 177 32 197 40 -143 71 80 219 -185 -51 70 -17 -145 158 135 184 150 -54 -236 155 142 -177 -244 110 120 -133 63 -8 186 -141 175 37 -111 140 -25 225 12 1 -193 98 -137 -189 -226 -140 -166 48 -52 -245 33 68 -35 -136 -149 154 82 -23 -44 -241 -224 188 53 74 112 -235 -71 103 -7 31 -102 -56 45 -201 -108 115 
TEST 94 ARG:174 -13 4 -218 -229 -185 149 -232 167 -67 247 54 64 -146 181 219 -107 242 -231 -7 -200 150 -105 -89 -188 -235 134 -26 110 155 228 -36 3 94 60 -194 153 -214 -48 -49 221 -52 6 87 -122 0 -168 201 195 199 42 -158 244 -130 108 224 -140 -96 215 -1 -70 210 -192 124 46 -80 -23 232 200 -156 92 80 -217 -104 -3 -110 -34 -95 -83 118 -225 -212 187 -28 142 106 -20 -208 -62 -201 125 -242 -64 -91 -203 24 -57 26 -178 83 -213 -175 -112 56 -177 10 194 161 -180 -42 -25 -90 -43 70 138 85 -227 -79 40 69 147 -4 -164 237 -171 -101 68 -190 193 27 15 79 61 -18 55 141 -100 19 186 158 -240 72 202 229 185 -189 36 -248 -159 -82 -92 126 191 132 81 -243 -233 45 -226 66 -33 -173 -97 -138 -87 82 -160 -29 34 -117 -38 51 197 41 73 235 -238 -53 -239 144 143 67 -169 -142 -74 -184 160 74 30 184 173 -14 -204 -124 211 1 203 -145 -137 -246 162 18 190 -55 71 -170 62 98 89 -84 39 -162 115 -167 -111 52 -186 11 -46 204 206 -132 208 -228 -144 182 63 91 35 -121 240 -71 -139 223 178 -153 148 43 -127 -210 113 -174 -6 -163 2 17 230 -30 -129 -88 -224 169 -126 -45 -12 28 241 120 -103 -56 -2 76 245 75 109 59 226 163 -223 -102 222 -9 164 23 -16 -11 -183 -32 -106 77 -143 122 21 -193 22 -136 -108 -109 -113 -172 172 248 -44 -128 -115 -157 100 -244 116 -205 180 8 90 -179 207 -35 -21 -19 -187 -41 213 135 152 -58 -31 -93 123 -61 44 105 32 214 53 58 78 -54 165 156 151 111 128 -151 -135 -77 -195 -50 50 -207 -69 -155 176 31 246 112 171 7 117 103 38 -197 -147 -85 -81 175 220 -234 -176 -196 14 -116 101 -17 -86 -181 209 -118 -209 170 -237 -191 -241 249 97 33 205 -120 -51 -247 -222 102 104 -219 -22 -198 -119 188 233 -245 -73 -221 -149 243 -10 -134 179 -5 -94 -24 -59 192 37 146 -15 212 -68 -150 -78 -8 -216 177 -141 84 47 95 -165 157 119 121 216 -40 236 231 13 9 -206 234 -161 154 -220 136 168 -236 -133 227 -65 166 129 -98 217 -131 189 -37 -202 159 25 218 -114 238 114 137 140 127 96 5 57 139 -215 -99 -75 239 12 -152 225 196 -154 133 198 -63 -76 88 -27 49 -39 -230 48 -148 65 145 -250 -199 93 183 130 -72 86 99 -60 20 -66 -249 -123 29 -211 -182 -47 16 107 131 -166 -125 
TEST 95 ARG:-121 -231 15 -41 108 149 -31 -27 19 141 79 -42 239 -20 191 129 -30 -81 101 -33 194 -119 166 8 92 -85 -1 95 -116 -171 -14 -118 212 -101 -244 -192 222 143 -155 234 124 243 88 66 172 -97 140 -199 145 -82 -226 177 127 -112 -177 -64 -218 -167 -191 152 105 109 -178 62 -9 -152 -111 -187 -72 38 165 -188 115 -144 -29 130 205 -130 -37 -239 -248 45 -238 136 112 84 192 128 107 139 183 210 167 215 -140 -23 163 -200 219 169 -91 -38 -149 24 -17 -249 2 54 199 125 22 159 224 -68 -154 104 -10 91 106 242 248 209 6 216 -181 -126 114 74 93 221 83 14 123 -107 -204 12 -194 81 213 214 173 237 18 41 -242 -143 29 233 122 198 -157 155 158 -213 -103 -165 -234 -124 -12 154 235 4 -156 -160 230 -222 -190 30 236 186 -36 -246 -59 240 -88 176 -98 -15 36 -146 116 232 -220 -198 120 -53 58 -179 131 10 -90 -48 -129 -78 231 -224 -141 134 -89 182 -223 64 16 73 68 229 247 -87 113 -203 46 27 -39 -28 147 63 -114 75 207 153 50 90 5 -189 119 181 218 -49 96 -237 -19 -122 56 -16 55 -159 -136 -6 -55 111 -138 -11 178 -210 11 -56 76 17 -151 -47 162 -80 228 164 -174 -3 3 -44 184 47 49 -139 44 197 -66 -32 -13 -24 137 202 70 206 185 225 133 241 -236 -173 98 -123 9 -232 48 -86 39 -125 161 -153 103 187 118 71 -69 -219 201 -94 -228 -25 -164 -102 -108 86 -201 -61 21 -196 -51 -106 220 97 -34 35 -84 -250 -58 26 -83 -109 132 43 -18 20 -168 227 -46 99 -217 146 -96 94 -235 -209 -104 126 1 -40 -135 -175 244 -202 -52 -113 23 -92 -215 33 -166 -206 223 180 85 -63 -163 175 168 -145 -212 13 31 -117 -211 -195 246 -180 -100 77 249 -245 32 110 82 61 -158 117 87 -216 -247 -62 189 -184 -197 -5 52 -161 -67 -229 -60 25 60 174 -133 80 171 -182 226 -227 204 -183 150 -240 -148 -193 28 -115 245 -93 -137 -57 -128 -77 -70 -43 157 170 78 -131 100 -7 -233 -2 144 69 188 -45 151 -22 -120 -127 65 34 148 200 -185 -214 160 -176 -65 -76 -172 40 -162 51 -71 -99 -8 -21 -241 -150 -50 -95 217 -110 -243 -26 211 208 -105 -230 37 -170 -205 -74 -73 -225 203 -186 -142 72 42 238 195 102 -75 193 89 179 196 -54 138 190 0 -79 121 -134 -132 57 142 67 -35 -169 -208 -4 -207 -147 -221 135 59 156 53 7 
TEST 96 ARG:-132 -104 -37 217 -211 96 214 -135 198 86 -156 65 235 -122 160 195 191 156 -152 110 -92 -197 -94 149 43 21 -186 146 106 70 -3 28 -150 -223 126 153 -11 -65 7 202 -160 -210 48 124 24 89 -230 138 -188 17 108 135 -35 -117 -73 -13 245 -36 158 -99 35 -49 -214 59 25 58 -102 -88 31 -18 -237 -42 173 -106 -215 -146 67 -29 93 137 201 -208 -213 211 20 -219 91 168 215 -58 120 -179 243 79 236 151 242 -149 64 222 -240 40 -248 -126 178 -38 238 176 -112 -52 226 225 -185 -205 -241 -40 190 -54 34 163 -138 -162 115 -17 197 -212 -239 210 223 -44 112 -224 -232 -23 116 -61 159 -7 0 -153 -66 183 165 -91 -136 -200 45 123 49 -50 100 36 -55 16 -6 229 -231 233 -70 -140 -184 -100 -124 80 -228 102 187 -22 144 13 -154 221 -111 18 -101 -69 -9 -182 19 38 213 129 170 -247 136 -113 -238 -4 85 155 114 -51 -33 101 103 142 -193 105 -171 244 -199 -78 134 161 -148 -147 -59 -16 -1 -142 109 218 104 121 196 55 248 69 61 227 -229 203 -196 193 -127 46 73 -25 -21 -181 -34 139 -203 -119 169 53 97 -176 -235 68 -82 84 -225 -244 94 -137 -233 -125 -110 -84 220 216 127 -86 -195 -48 162 -167 -97 241 71 -109 32 -96 63 -28 167 -5 128 212 8 -226 83 188 166 47 -175 182 -93 -145 157 -206 -236 44 -43 27 172 99 -151 -155 -168 185 -201 15 22 199 -108 37 228 -187 230 -79 -107 -118 -207 -250 -47 52 204 -178 119 39 -85 111 -45 50 -20 -191 -246 -194 -180 207 147 180 -14 174 26 -15 -2 -30 249 -209 -159 74 29 -31 -12 -98 206 -39 92 66 -76 -68 -89 -220 -192 148 247 140 132 -128 30 122 154 -90 -221 -166 130 51 -27 56 -123 6 -217 -131 164 205 -53 246 78 -174 -204 -249 150 -74 189 -164 171 -56 3 181 117 -227 -81 -41 -245 -105 -144 -157 -32 -190 219 -46 12 -158 54 -75 192 81 -115 -242 -72 224 107 60 -133 240 -141 -8 131 -134 90 62 -222 200 -63 186 -10 239 5 33 -183 113 177 23 10 -120 87 -116 -165 41 -121 -143 -172 -67 -189 234 -129 77 88 145 -24 -114 -71 -198 -62 125 -80 72 179 231 -234 -26 75 -64 152 143 -139 184 -57 -163 141 4 -95 -218 11 175 194 95 98 14 -177 -130 -60 9 237 118 -216 76 -19 133 -77 42 -103 -161 2 82 -170 232 -243 -87 57 208 209 -169 -173 1 -83 -202 
TEST 97 ARG:161 69 -138 227 -10 -118 -78 134 180 -32 -245 207 -89 -17 -92 -183 78 -201 -228 167 -58 -237 127 -46 -247 133 -145 204 3 -14 41 -37 46 -204 92 -41 53 111 -11 -26 -241 148 -3 129 233 -243 -214 172 20 160 -144 241 230 86 -125 39 32 235 -187 -147 -164 141 26 74 94 -137 -218 -190 -20 158 17 -197 201 190 165 164 -103 200 189 51 -169 121 5 -38 151 209 -141 96 84 -181 82 -59 1 155 -194 218 77 173 -211 231 62 -236 -39 193 156 -165 122 24 -36 -116 -81 -159 -23 194 212 72 181 33 -132 -9 -87 182 211 -74 36 -79 -202 220 -207 -163 187 -75 197 50 0 -221 60 -73 57 113 159 -126 11 -121 195 106 163 -61 -143 -80 174 -231 40 -44 -12 -129 -196 -180 -150 19 -149 -213 -101 215 166 -155 240 16 -246 90 -29 14 -45 183 169 15 152 -21 219 -153 -191 -148 202 107 223 -102 -136 99 -83 -100 -160 -62 35 -115 -123 206 224 -82 43 -152 228 -175 45 28 -184 -133 -151 -71 -88 -224 -56 -18 128 132 -52 -146 -135 -55 -215 -50 -217 -70 112 -31 125 -250 123 -117 -186 237 -6 243 170 -189 -19 -242 234 143 110 -94 -209 76 -111 229 54 -134 232 154 71 -8 149 147 145 64 242 -30 48 186 -154 -67 146 185 -182 -97 79 245 -64 -203 217 -210 18 -63 -240 -48 -68 101 -233 27 -16 -162 -193 2 31 136 -239 192 25 -7 4 -57 -47 81 13 -13 49 144 102 221 44 -195 247 -60 -108 139 -170 87 131 -223 179 -225 -229 -4 -157 -220 118 98 -35 -25 225 63 9 -96 -232 89 -99 -2 198 176 22 239 -53 12 -199 -142 -54 142 -49 -173 -198 29 -178 214 119 -28 -185 -110 -216 205 184 -166 -219 -120 -235 37 162 -5 23 66 -93 157 196 21 -127 97 83 85 -1 236 42 -24 -167 -66 -248 -172 -177 114 -176 55 226 249 73 120 -171 61 -86 -95 -104 117 59 58 213 -69 -106 135 124 -27 -238 -42 -98 -192 246 -128 248 -244 -222 216 178 -85 116 68 -84 -226 -119 47 -200 -90 244 -168 -33 75 105 208 175 -208 56 -51 -131 138 168 130 -76 100 -205 6 -22 109 126 -230 8 -227 171 -234 -113 -15 -139 93 70 137 191 -34 80 7 65 95 -109 -249 150 38 -179 153 108 199 140 -112 -72 -65 177 10 67 -212 -156 -122 -188 -140 30 -124 -40 52 104 -161 -77 34 203 -105 103 210 238 115 -114 91 -107 -174 -206 188 -43 -158 -91 88 222 -130 
TEST 98 ARG:52 -122 166 11 -52 -225 195 190 -188 -107 -213 -167 53 -199 79 -96 -27 2 -215 -208 95 -43 -68 60 231 118 133 -8 218 -118 -12 246 -148 10 -194 101 14 -166 57 142 -57 -219 -15 -50 -187 242 21 -242 73 -154 187 214 153 -171 119 150 -129 -191 -203 -119 -115 -174 -238 -135 85 212 222 159 130 -196 239 -186 -250 -64 228 97 202 64 161 206 -156 247 -151 -245 209 116 235 13 -116 -235 56 55 76 47 180 -214 -126 105 171 148 -20 -114 -177 185 114 -127 199 226 203 -82 -197 145 -176 93 -169 16 59 15 193 -81 168 12 65 -168 -111 -180 121 141 92 0 138 -211 -232 -74 17 126 -104 3 184 -70 -162 -45 -44 70 -33 89 -2 120 128 35 108 50 82 -63 175 106 45 229 88 -105 -170 158 -222 149 117 67 -132 125 -97 -25 236 -93 -86 139 186 96 4 -17 -69 36 104 -143 29 -179 -62 140 94 -128 26 30 -66 -59 18 172 248 -71 -227 -231 -144 -190 37 -1 61 109 -87 157 54 -7 -240 -91 -247 131 -241 -67 90 -134 244 -157 132 178 -77 58 224 -205 198 -236 34 115 -183 223 -212 207 86 169 -5 122 -102 176 215 -206 -18 -32 216 -31 -136 -60 234 66 -26 205 -224 28 137 220 -201 33 -207 177 162 -10 -121 63 -233 -204 -249 -155 -24 208 123 103 -55 62 -152 -103 -42 204 -218 43 -23 39 -76 -112 -230 -184 -72 196 -248 78 -226 31 -13 -14 156 6 230 38 -147 173 210 -37 -216 -138 211 170 107 8 -92 42 174 144 24 102 -178 80 -221 -125 -159 -137 -46 152 -124 237 -61 -113 -36 238 -182 249 9 -173 189 -246 217 -234 200 219 -141 155 243 -165 40 83 -133 -229 -139 -35 -175 201 98 -101 48 20 -145 -34 221 27 -106 -38 181 -164 -98 233 -181 -117 -142 22 99 -149 -3 44 -153 151 49 -161 41 -78 -28 -11 -21 -48 -243 -140 -198 -29 23 -223 -40 -16 -56 191 25 -4 127 -200 -108 -6 -88 -185 5 77 -239 113 -51 74 -202 91 -100 -49 182 -30 -73 100 192 -85 -189 -90 -65 -163 -39 -95 -79 -109 110 -94 -193 -22 -217 -237 136 227 164 19 135 87 -158 -120 -89 51 46 134 -54 -19 68 245 -80 -210 -75 -244 -228 167 183 -209 -146 112 147 32 -192 -195 -58 163 1 75 -84 -47 -99 72 143 -131 -53 -123 -110 -150 7 -160 124 179 160 232 -130 165 71 225 240 154 111 69 -9 188 194 -220 241 213 129 146 -41 81 84 -172 197 -83 
TEST 99 ARG:222 66 -247 -241 -214 -244 149 234 201 24 28 144 91 -79 -200 -199 -88 -160 -202 -189 -69 -219 -120 -106 168 -42 218 226 -90 229 -154 -13 -197 186 221 -86 223 -213 5 41 10 166 -235 -178 -137 23 18 -158 -173 -242 -166 -7 96 -48 172 -234 26 167 -53 -183 176 -220 248 -5 -179 -68 169 -114 -15 -245 -3 42 124 -146 -233 40 -250 -119 11 -211 -64 -23 -136 105 111 187 -99 -151 -193 109 214 -162 -55 -227 183 -168 -126 181 179 97 110 233 50 -142 108 14 198 -216 -51 -101 115 -182 -27 -33 240 -156 13 -232 184 228 57 161 190 -29 106 -141 119 204 95 188 -159 -184 44 -164 -110 162 74 -243 33 127 225 -8 -149 -172 -105 38 -170 122 243 -37 -80 -34 148 4 112 146 101 131 178 137 239 -152 -155 30 -76 -97 136 -67 -18 -83 -121 -73 -134 -161 177 -44 -144 53 -71 73 68 241 -191 -145 7 247 -92 -229 45 -186 6 -210 70 -41 34 130 54 120 -198 180 -70 192 -19 -237 78 102 -230 46 -93 64 31 170 98 113 81 189 17 -11 83 -66 -147 133 47 202 -226 191 -77 -180 -2 -39 0 -132 77 -228 235 227 -40 99 159 -47 199 -125 63 150 140 55 -175 -127 153 61 -91 116 219 -36 88 246 -140 -102 -49 29 93 100 -122 151 -65 138 32 -21 89 209 142 -85 -94 82 -31 -185 141 -190 39 -52 145 215 -218 60 -43 -217 107 -22 -4 -17 25 -16 244 126 -20 -9 -163 80 -201 86 72 211 -157 232 -139 194 173 185 67 -118 59 -187 193 -84 -194 -128 163 8 156 -50 -103 -100 -207 21 3 -204 154 -35 -222 -111 -95 87 -130 197 71 -138 -108 84 -123 -205 -167 20 132 -246 56 -236 62 231 -57 104 65 -75 -45 75 -248 -224 15 16 -58 -206 -89 85 -62 12 -25 155 52 -1 212 -231 158 -60 182 -196 121 58 69 160 236 213 118 -143 -6 -188 -212 -153 19 -59 -165 79 -24 -116 -26 92 -82 -113 -133 128 249 48 -203 237 -129 -131 103 147 123 -63 94 -10 -249 -181 -54 -192 -223 217 -104 -12 -176 -171 -117 -96 245 27 -107 76 37 -225 -74 90 230 220 224 -239 242 -240 210 114 51 196 -109 43 174 -221 -87 -209 -124 -135 -112 -195 152 2 -14 195 139 203 -46 1 238 -115 -215 -56 164 22 -174 -98 117 36 143 208 206 171 165 -148 216 -81 200 -38 175 -208 -150 -30 35 -78 -238 49 134 9 157 205 207 129 -72 -32 -61 -28 -177 125 -169 135 
TEST 100 ARG:240 -82 76 137 -186 -116 121 -234 27 28 230 53 218 -239 131 -33 123 223 141 -196 125 179 -75 -138 201 -245 -83 100 143 177 211 -235 101 -110 90 169 -182 70 -32 173 68 231 -238 -39 153 234 -72 36 107 120 224 77 -137 110 -228 205 34 6 -213 142 -170 229 83 -174 245 -93 209 128 151 -145 178 -61 -8 130 105 190 -166 -201 198 -102 -28 22 0 -209 -207 -224 193 48 181 -79 116 69 -184 136 235 225 -103 232 39 14 192 -111 106 93 19 1 -206 -4 99 112 -205 -212 -92 -151 165 -248 -219 55 -123 -36 -167 -229 -222 -161 -148 -81 167 32 -162 182 -183 -119 -46 -96 64 -197 -202 -158 -164 -140 79 -87 85 -247 -208 82 -42 33 -41 2 -188 8 -146 -54 40 12 216 236 -85 160 -152 -242 -65 -243 30 -40 38 145 -90 135 -226 -135 -13 78 45 238 114 -230 207 -30 176 196 189 51 215 244 -134 61 -12 -86 220 155 -192 73 46 -131 65 -6 67 -78 -43 58 108 243 -52 -168 -232 37 -49 -153 -130 23 163 -121 -120 -70 144 -24 239 111 11 29 214 -45 24 -144 170 -171 -25 212 88 203 113 152 -221 -91 86 89 150 3 -180 -31 91 -69 -225 -62 92 -173 20 63 -99 -34 74 -216 -194 -115 -21 -16 -241 159 249 -133 -3 109 -142 -175 66 -100 -101 -47 -198 -89 -48 -60 26 162 -23 60 -139 154 -35 -150 191 54 187 185 233 -7 71 -17 175 -106 -191 -127 168 -10 -125 5 13 81 -58 -74 202 -51 -55 -97 -18 157 -155 -44 62 -214 -136 148 -154 4 87 -249 208 96 122 222 104 -220 -159 52 -185 161 -190 -215 -179 129 -210 174 -11 98 221 -141 -84 200 -117 -80 -143 17 127 -108 132 -193 -63 -187 -227 -66 25 -73 -19 -147 -104 206 126 124 228 -112 219 102 -2 97 210 133 -246 194 197 -204 16 -57 -236 -95 49 7 140 195 15 226 -223 21 -199 -176 -64 -50 -71 -217 -169 -165 171 199 -77 9 248 242 -109 134 -189 75 156 241 247 -181 204 56 -218 -37 72 186 -126 -132 -163 -53 146 184 -67 -149 -160 18 149 103 -203 -114 -59 -244 -26 -20 94 -29 246 188 -195 -113 95 -38 -118 183 -240 44 -1 -156 59 -237 213 47 166 -94 -56 -177 227 237 118 -122 50 180 139 119 -76 117 -124 -233 -172 -105 80 -200 138 -14 -5 -250 43 -231 35 172 -22 -129 -128 115 -68 158 10 -107 147 -157 -98 -211 -178 -15 84 42 -88 164 -9 217 41 57 31 -27 
OK
All size test
